<?xml version="1.0" encoding="UTF-8"?>

<CodeSystem xmlns="http://hl7.org/fhir">
  <id value="CSPrecaucionesHospitalizacion"/>
  <text>
    <status value="generated"/><div xmlns="http://www.w3.org/1999/xhtml">Placeholder</div>
  </text>
  <url value="https://hospitallaflorida.cl/fhir/hlfhosp/CodeSystem/CSPrecaucionesHospitalizacion"/>
  <version value="0.7.0"/>
  <name value="CSPrecaucionesHospitalizacion"/>
  <title value="Precauciones Hospitalización"/>
  <status value="active"/>
  <experimental value="true"/>
  <date value="2023-06-22T00:00:00-03:00"/>
  <publisher value="Hospital Eloisa Diaz de la Florida"/>
  <contact>
    <name value="Hospital Eloisa Diaz de la Florida"/>
    <telecom>
      <system value="url"/>
      <value value="https://www.hospitallaflorida.cl/"/>
    </telecom>
    <telecom>
      <system value="email"/>
      <value value="leonardo.arancibia@hospitallaflorida.cl"/>
    </telecom>
  </contact>
  <description value="Opciones del tipo de precauciones de hospitalización que se deben tomar para un paciente"/>
  <caseSensitive value="true"/>
  <content value="complete"/>
  <count value="5"/>
  <concept>
    <code value="estandar"/>
    <display value="Estándar"/>
  </concept>
  <concept>
    <code value="aerea"/>
    <display value="Aérea"/>
  </concept>
  <concept>
    <code value="gotitas"/>
    <display value="Gotitas"/>
  </concept>
  <concept>
    <code value="contacto"/>
    <display value="Contacto"/>
  </concept>
  <concept>
    <code value="protector"/>
    <display value="Protector"/>
  </concept>
</CodeSystem>