<?xml version="1.0" encoding="UTF-8"?>

<CodeSystem xmlns="http://hl7.org/fhir">
  <id value="CSComplejidadCama"/>
  <text>
    <status value="generated"/><div xmlns="http://www.w3.org/1999/xhtml"><p>This code system <code>https://hospitallaflorida.cl/fhir/hlfhosp/CodeSystem/CSComplejidadCama</code> defines the following codes:</p><table class="codes"><tr><td style="white-space:nowrap"><b>Code</b></td><td><b>Display</b></td><td><b>Definition</b></td></tr><tr><td style="white-space:nowrap">baja<a name="CSComplejidadCama-baja"> </a></td><td>Baja</td><td>Camas de baja complejidad</td></tr><tr><td style="white-space:nowrap">media<a name="CSComplejidadCama-media"> </a></td><td>Media</td><td>Camas de media complejidad</td></tr><tr><td style="white-space:nowrap">intermedia<a name="CSComplejidadCama-intermedia"> </a></td><td>Intermedia</td><td>Camas de intermedia complejidad</td></tr><tr><td style="white-space:nowrap">alta<a name="CSComplejidadCama-alta"> </a></td><td>Alta</td><td>Camas de alta complejidad</td></tr></table></div>
  </text>
  <url value="https://hospitallaflorida.cl/fhir/hlfhosp/CodeSystem/CSComplejidadCama"/>
  <version value="0.4.0"/>
  <name value="CSComplejidadCama"/>
  <title value="Complejidad cama"/>
  <status value="active"/>
  <experimental value="true"/>
  <date value="2023-06-22T00:00:00-03:00"/>
  <publisher value="Hospital Eloisa Diaz de la Florida"/>
  <contact>
    <name value="Hospital Eloisa Diaz de la Florida"/>
    <telecom>
      <system value="url"/>
      <value value="https://www.hospitallaflorida.cl/"/>
    </telecom>
    <telecom>
      <system value="email"/>
      <value value="leonardo.arancibia@hospitallaflorida.cl"/>
    </telecom>
  </contact>
  <description value="Códigos para identificar la complejidad de una cama HLF"/>
  <jurisdiction>
    <coding>
      <system value="urn:iso:std:iso:3166"/>
      <code value="CL"/>
      <display value="Chile"/>
    </coding>
  </jurisdiction>
  <caseSensitive value="true"/>
  <content value="complete"/>
  <count value="4"/>
  <concept>
    <code value="baja"/>
    <display value="Baja"/>
    <definition value="Camas de baja complejidad"/>
  </concept>
  <concept>
    <code value="media"/>
    <display value="Media"/>
    <definition value="Camas de media complejidad"/>
  </concept>
  <concept>
    <code value="intermedia"/>
    <display value="Intermedia"/>
    <definition value="Camas de intermedia complejidad"/>
  </concept>
  <concept>
    <code value="alta"/>
    <display value="Alta"/>
    <definition value="Camas de alta complejidad"/>
  </concept>
</CodeSystem>