<?xml version="1.0" encoding="UTF-8"?>

<CodeSystem xmlns="http://hl7.org/fhir">
  <id value="CSReligion"/>
  <text>
    <status value="generated"/><div xmlns="http://www.w3.org/1999/xhtml">Placeholder</div>
  </text>
  <url value="https://hospitallaflorida.cl/fhir/hlfhosp/CodeSystem/CSReligion"/>
  <version value="0.7.0"/>
  <name value="CSReligion"/>
  <title value="Religiones o Cultos"/>
  <status value="active"/>
  <experimental value="true"/>
  <date value="2022-01-18T00:00:00-03:00"/>
  <publisher value="Hospital Eloisa Diaz de la Florida"/>
  <contact>
    <name value="Hospital Eloisa Diaz de la Florida"/>
    <telecom>
      <system value="url"/>
      <value value="https://www.hospitallaflorida.cl/"/>
    </telecom>
    <telecom>
      <system value="email"/>
      <value value="leonardo.arancibia@hospitallaflorida.cl"/>
    </telecom>
  </contact>
  <description value="Códigos de Religiones o Cultos declarados"/>
  <caseSensitive value="true"/>
  <content value="complete"/>
  <count value="10"/>
  <concept>
    <code value="1"/>
    <display value="Catolica"/>
  </concept>
  <concept>
    <code value="2"/>
    <display value="Evangélica"/>
  </concept>
  <concept>
    <code value="3"/>
    <display value="Testigo de Jehová"/>
  </concept>
  <concept>
    <code value="4"/>
    <display value="Judaica"/>
  </concept>
  <concept>
    <code value="5"/>
    <display value="Mormón"/>
  </concept>
  <concept>
    <code value="6"/>
    <display value="Musulmana"/>
  </concept>
  <concept>
    <code value="7"/>
    <display value="Ortodoxa"/>
  </concept>
  <concept>
    <code value="8"/>
    <display value="Otra religión o credo"/>
  </concept>
  <concept>
    <code value="9"/>
    <display value="Ninguna, ateo, agnóstico"/>
  </concept>
  <concept>
    <code value="99"/>
    <display value="Desconocido"/>
  </concept>
</CodeSystem>