<?xml version="1.0" encoding="UTF-8"?>

<CodeSystem xmlns="http://hl7.org/fhir">
  <id value="CSSexoBiologico"/>
  <text>
    <status value="generated"/><div xmlns="http://www.w3.org/1999/xhtml"><p>This code system <code>http://hospitallaflorida.cl/fhir/hlfhosp/CodeSystem/CSSexoBiologico</code> defines the following codes:</p><table class="codes"><tr><td style="white-space:nowrap"><b>Code</b></td><td><b>Display</b></td><td><b>Definition</b></td></tr><tr><td style="white-space:nowrap">1<a name="CSSexoBiologico-1"> </a></td><td>Hombre</td><td>Persona que al nacer se observa anatómicamente que tiene a nivel genital pene, escroto y/o testículos.</td></tr><tr><td style="white-space:nowrap">2<a name="CSSexoBiologico-2"> </a></td><td>Mujer</td><td>Persona que al nacerse se observa anatómicamente que tiene a nivel genital vulva u orificio vaginal.</td></tr><tr><td style="white-space:nowrap">3<a name="CSSexoBiologico-3"> </a></td><td>Intersexual</td><td>Persona que al nacer se observa variaciones anatómicas en los órganos genitales del cuerpo que no permite clasificar de forma dicotómica en hombre o mujer. No constituye un tercer sexo.</td></tr><tr><td style="white-space:nowrap">99<a name="CSSexoBiologico-99"> </a></td><td>Desconocido</td><td>No es posible determinarlo al momento de la atención de salud.</td></tr></table></div>
  </text>
  <url value="http://hospitallaflorida.cl/fhir/hlfhosp/CodeSystem/CSSexoBiologico"/>
  <version value="0.1.0"/>
  <name value="CSSexoBiologico"/>
  <title value="Códigos para Sexo de Nacimiento de Paciente"/>
  <status value="active"/>
  <experimental value="true"/>
  <date value="2022-01-18T00:00:00-03:00"/>
  <publisher value="Hospital Eloisa Diaz de la Florida"/>
  <contact>
    <name value="Hospital Eloisa Diaz de la Florida"/>
    <telecom>
      <system value="url"/>
      <value value="www.hospitallaflorida.cl"/>
    </telecom>
    <telecom>
      <system value="email"/>
      <value value="leonardo.arancibia@hospitallaflorida.cl"/>
    </telecom>
  </contact>
  <description value="Codigos definidos para el sexo de nacimiento de un paciente en Chile"/>
  <jurisdiction>
    <coding>
      <system value="urn:iso:std:iso:3166"/>
      <code value="CL"/>
      <display value="Chile"/>
    </coding>
  </jurisdiction>
  <caseSensitive value="true"/>
  <content value="complete"/>
  <count value="4"/>
  <concept>
    <code value="1"/>
    <display value="Hombre"/>
    <definition value="Persona que al nacer se observa anatómicamente que tiene a nivel genital pene, escroto y/o testículos."/>
  </concept>
  <concept>
    <code value="2"/>
    <display value="Mujer"/>
    <definition value="Persona que al nacerse se observa anatómicamente que tiene a nivel genital vulva u orificio vaginal."/>
  </concept>
  <concept>
    <code value="3"/>
    <display value="Intersexual"/>
    <definition value="Persona que al nacer se observa variaciones anatómicas en los órganos genitales del cuerpo que no permite clasificar de forma dicotómica en hombre o mujer. No constituye un tercer sexo."/>
  </concept>
  <concept>
    <code value="99"/>
    <display value="Desconocido"/>
    <definition value="No es posible determinarlo al momento de la atención de salud."/>
  </concept>
</CodeSystem>