<?xml version="1.0" encoding="UTF-8"?>

<CodeSystem xmlns="http://hl7.org/fhir">
  <id value="CSEspecialidadMedica"/>
  <text>
    <status value="generated"/><div xmlns="http://www.w3.org/1999/xhtml">Placeholder</div>
  </text>
  <url value="https://hospitallaflorida.cl/fhir/hlfhosp/CodeSystem/CSEspecialidadMedica"/>
  <version value="0.7.0"/>
  <name value="CSEspecialidadMedica"/>
  <title value="Códigos de Especialidad Médica"/>
  <status value="active"/>
  <experimental value="true"/>
  <date value="2023-06-22T00:00:00-03:00"/>
  <publisher value="Hospital Eloisa Diaz de la Florida"/>
  <contact>
    <name value="Hospital Eloisa Diaz de la Florida"/>
    <telecom>
      <system value="url"/>
      <value value="https://www.hospitallaflorida.cl/"/>
    </telecom>
    <telecom>
      <system value="email"/>
      <value value="leonardo.arancibia@hospitallaflorida.cl"/>
    </telecom>
  </contact>
  <description value="Códigos de Especialidad Médica utilizados por HLF"/>
  <caseSensitive value="true"/>
  <hierarchyMeaning value="classified-with"/>
  <content value="complete"/>
  <count value="49"/>
  <property>
    <code value="abstract"/>
    <description value="Indica si el concepto es abstracto o no"/>
    <type value="boolean"/>
  </property>
  <concept>
    <code value="adulto"/>
    <display value="Adulto"/>
    <definition value="Especialidad médica para mayores de 18 años"/>
    <property>
      <code value="abstract"/>
      <valueBoolean value="true"/>
    </property>
    <concept>
      <code value="101"/>
      <display value="Anestesiología Adulto"/>
      <definition value="Especialidad médica de anestesiología para adultos"/>
    </concept>
    <concept>
      <code value="102"/>
      <display value="Broncopulmonar Adulto"/>
      <definition value="Especialidad médica de broncopulmonar para adultos"/>
    </concept>
    <concept>
      <code value="103"/>
      <display value="Cardiología Adulto"/>
      <definition value="Especialidad médica de cardiología para adultos"/>
    </concept>
    <concept>
      <code value="104"/>
      <display value="Cirugía Abdominal Adulto"/>
      <definition value="Especialidad médica de cirugía abdominal para adultos"/>
    </concept>
    <concept>
      <code value="105"/>
      <display value="Cirugía Adulto"/>
      <definition value="Especialidad médica de cirugía para adultos"/>
    </concept>
    <concept>
      <code value="106"/>
      <display value="Cirugía Plástica Adulto"/>
      <definition value="Especialidad médica de cirugía plástica para adultos"/>
    </concept>
    <concept>
      <code value="107"/>
      <display value="Cirugía Proctológica"/>
      <definition value="Especialidad médica de cirugía proctológica"/>
    </concept>
    <concept>
      <code value="108"/>
      <display value="Cirugía Tórax Adulto"/>
      <definition value="Especialidad médica de cirugía de tórax para adultos"/>
    </concept>
    <concept>
      <code value="109"/>
      <display value="Cirugía Vascular Periférica"/>
      <definition value="Especialidad médica de cirugía vascular periférica para adultos"/>
    </concept>
    <concept>
      <code value="110"/>
      <display value="Dermatología Adulto"/>
      <definition value="Especialidad médica de dermatología para adultos"/>
    </concept>
    <concept>
      <code value="111"/>
      <display value="Diabetes"/>
      <definition value="Especialidad médica de diabetes"/>
    </concept>
    <concept>
      <code value="112"/>
      <display value="Endocrinología Adulto"/>
      <definition value="Especialidad médica de endocrinología para adultos"/>
    </concept>
    <concept>
      <code value="113"/>
      <display value="Gastroenterología Adulto"/>
      <definition value="Especialidad médica de gastroenterología para adultos"/>
    </concept>
    <concept>
      <code value="114"/>
      <display value="Geriatría"/>
      <definition value="Especialidad médica de geriatría"/>
    </concept>
    <concept>
      <code value="115"/>
      <display value="Ginecología Adulto"/>
      <definition value="Especialidad médica de ginecología para adultos"/>
    </concept>
    <concept>
      <code value="116"/>
      <display value="Hematología Adulto"/>
      <definition value="Especialidad médica de hematología para adultos"/>
    </concept>
    <concept>
      <code value="117"/>
      <display value="Infectología Adulto"/>
      <definition value="Especialidad médica de infectología para adultos"/>
    </concept>
    <concept>
      <code value="118"/>
      <display value="Inmunología Adulto"/>
      <definition value="Especialidad médica de inmunología para adultos"/>
    </concept>
    <concept>
      <code value="119"/>
      <display value="Medicina Física y Rehabilitación Adulto"/>
      <definition value="Especialidad médica de medicina física y rehabilitación para adultos"/>
    </concept>
    <concept>
      <code value="120"/>
      <display value="Medicina Familiar"/>
      <definition value="Especialidad médica de medicina familiar"/>
    </concept>
    <concept>
      <code value="121"/>
      <display value="Medicina Interna"/>
      <definition value="Especialidad médica de medicina interna"/>
    </concept>
    <concept>
      <code value="122"/>
      <display value="Nefrología Adulto"/>
      <definition value="Especialidad médica de nefrología para adultos"/>
    </concept>
    <concept>
      <code value="123"/>
      <display value="Neurología Adulto"/>
      <definition value="Especialidad médica de neurología para adultos"/>
    </concept>
    <concept>
      <code value="124"/>
      <display value="Nutriólogo"/>
      <definition value="Especialidad médica de nutriólogo"/>
    </concept>
    <concept>
      <code value="125"/>
      <display value="Oftalmología"/>
      <definition value="Especialidad médica de oftalmología"/>
    </concept>
    <concept>
      <code value="126"/>
      <display value="Otorrinolaringología"/>
      <definition value="Especialidad médica de otorrinolaringología"/>
    </concept>
    <concept>
      <code value="127"/>
      <display value="Psiquiatría Adulto"/>
      <definition value="Especialidad médica de psiquiatría para adultos"/>
    </concept>
    <concept>
      <code value="128"/>
      <display value="Reumatología"/>
      <definition value="Especialidad médica de reumatología"/>
    </concept>
    <concept>
      <code value="129"/>
      <display value="Traumatología Adulto"/>
      <definition value="Especialidad médica de traumatología para adultos"/>
    </concept>
    <concept>
      <code value="130"/>
      <display value="Urología Adulto"/>
      <definition value="Especialidad médica de urología para adultos"/>
    </concept>
  </concept>
  <concept>
    <code value="infantil"/>
    <display value="Infantil"/>
    <definition value="Especialidad médica para menores de 18 años"/>
    <property>
      <code value="abstract"/>
      <valueBoolean value="true"/>
    </property>
    <concept>
      <code value="201"/>
      <display value="Broncopulmonar Infantil"/>
      <definition value="Especialidad médica de broncopulmonar para menores de 18 años"/>
    </concept>
    <concept>
      <code value="202"/>
      <display value="Cardiología Infantil"/>
      <definition value="Especialidad médica de cardiología para menores de 18 años"/>
    </concept>
    <concept>
      <code value="203"/>
      <display value="Cirugía Infantil"/>
      <definition value="Especialidad médica de cirugía para menores de 18 años"/>
    </concept>
    <concept>
      <code value="204"/>
      <display value="Cirugía Plástica Infantil"/>
      <definition value="Especialidad médica de cirugía plástica para menores de 18 años"/>
    </concept>
    <concept>
      <code value="205"/>
      <display value="Endocrinología Infantil"/>
      <definition value="Especialidad médica de endocrinología para menores de 18 años"/>
    </concept>
    <concept>
      <code value="206"/>
      <display value="Gastroenterología Infantil"/>
      <definition value="Especialidad médica de gastroenterología para menores de 18 años"/>
    </concept>
    <concept>
      <code value="207"/>
      <display value="Ginecología Infantil"/>
      <definition value="Especialidad médica de ginecología para menores de 18 años"/>
    </concept>
    <concept>
      <code value="208"/>
      <display value="Hematología Infantil"/>
      <definition value="Especialidad médica de hematología para menores de 18 años"/>
    </concept>
    <concept>
      <code value="209"/>
      <display value="Infectología Infantil"/>
      <definition value="Especialidad médica de infectología para menores de 18 años"/>
    </concept>
    <concept>
      <code value="210"/>
      <display value="Nefrología Infantil"/>
      <definition value="Especialidad médica de nefrología para menores de 18 años"/>
    </concept>
    <concept>
      <code value="211"/>
      <display value="Neonatología"/>
      <definition value="Especialidad médica de neonatología"/>
    </concept>
    <concept>
      <code value="212"/>
      <display value="Neurología Infantil"/>
      <definition value="Especialidad médica de neurología para menores de 18 años"/>
    </concept>
    <concept>
      <code value="213"/>
      <display value="Nutriólogo pediátrico"/>
      <definition value="Especialidad médica de nutriólogo para menores de 18 años"/>
    </concept>
    <concept>
      <code value="214"/>
      <display value="Pediatría"/>
      <definition value="Especialidad médica de pediatría"/>
    </concept>
    <concept>
      <code value="215"/>
      <display value="Psiquiatría Infantil"/>
      <definition value="Especialidad médica de psiquiatría para menores de 18 años"/>
    </concept>
    <concept>
      <code value="216"/>
      <display value="Traumatología Infantil"/>
      <definition value="Especialidad médica de traumatología para menores de 18 años"/>
    </concept>
    <concept>
      <code value="217"/>
      <display value="Urología Infantil"/>
      <definition value="Especialidad médica de urología para menores de 18 años"/>
    </concept>
  </concept>
</CodeSystem>