<?xml version="1.0" encoding="UTF-8"?>

<Coverage xmlns="http://hl7.org/fhir">
  <id value="EjPrevision1"/>
  <meta>
    <profile value="https://hospitallaflorida.cl/fhir/hlfhosp/StructureDefinition/Prevision"/>
  </meta>
  <text>
    <status value="generated"/><div xmlns="http://www.w3.org/1999/xhtml"><p><b>Generated Narrative: Coverage</b><a name="EjPrevision1"> </a></p><div style="display: inline-block; background-color: #d9e0e7; padding: 6px; margin: 4px; border: 1px solid #8da1b4; border-radius: 5px; line-height: 60%"><p style="margin-bottom: 0px">Resource Coverage &quot;EjPrevision1&quot; </p><p style="margin-bottom: 0px">Profile: <a href="StructureDefinition-Prevision.html">Prevision</a></p></div><p><b>status</b>: active</p><p><b>kind</b>: insurance</p><p><b>type</b>: FONASA <span style="background: LightGoldenRodYellow; margin: 4px; border: 1px solid khaki"> (<a href="CodeSystem-CSPrevision.html">Prevision del Paciente</a>#4 &quot;DIPRECA&quot;)</span></p><p><b>beneficiary</b>: <a href="Patient-007.html">Patient/007</a> &quot; CON ROMBOS&quot;</p></div>
  </text>
  <status value="active"/>
  <kind value="insurance"/>
  <type>
    <coding>
      <system value="https://hospitallaflorida.cl/fhir/hlfhosp/CodeSystem/CSPrevision"/>
      <code value="4"/>
      <display value="DIPRECA"/>
    </coding>
    <text value="FONASA"/>
  </type>
  <beneficiary>
    <reference value="Patient/007"/>
  </beneficiary>
</Coverage>