<?xml version="1.0" encoding="UTF-8"?>

<Encounter xmlns="http://hl7.org/fhir">
  <id value="EjRegistroAtencionIMAGINARIO"/>
  <meta>
    <profile value="https://hospitallaflorida.cl/fhir/hlfhosp/StructureDefinition/registro-atencion"/>
  </meta>
  <text>
    <status value="generated"/><div xmlns="http://www.w3.org/1999/xhtml"><p><b>Generated Narrative: Encounter</b><a name="EjRegistroAtencionIMAGINARIO"> </a></p><div style="display: inline-block; background-color: #d9e0e7; padding: 6px; margin: 4px; border: 1px solid #8da1b4; border-radius: 5px; line-height: 60%"><p style="margin-bottom: 0px">Resource Encounter &quot;EjRegistroAtencionIMAGINARIO&quot; </p><p style="margin-bottom: 0px">Profile: <a href="StructureDefinition-registro-atencion.html">Registro Atencion</a></p></div><p><b>status</b>: completed</p><p><b>class</b>: emergency <span style="background: LightGoldenRodYellow; margin: 4px; border: 1px solid khaki"> (<a href="http://terminology.hl7.org/5.3.0/CodeSystem-v3-ActCode.html">ActCode</a>#EMER)</span></p><h3>ServiceTypes</h3><table class="grid"><tr><td style="display: none">-</td><td><b>Reference</b></td></tr><tr><td style="display: none">*</td><td><a href="HealthcareService-EjUnidadClinicaHLFIMAGINARIO.html">HealthcareService/EjUnidadClinicaHLFIMAGINARIO</a> &quot;Nombre Unidad Clinica&quot;</td></tr></table><p><b>subject</b>: <a href="Patient-007.html">Patient/007</a> &quot; CON ROMBOS&quot;</p><h3>Participants</h3><table class="grid"><tr><td style="display: none">-</td><td><b>Actor</b></td></tr><tr><td style="display: none">*</td><td><span>: Dr. Luke Organa</span></td></tr></table><p><b>plannedStartDate</b>: 2015-02-07 13:28:17-0500</p><p><b>plannedEndDate</b>: 2015-03-06 13:28:17-0500</p><blockquote><p><b>diagnosis</b></p><h3>Conditions</h3><table class="grid"><tr><td style="display: none">-</td><td><b>Reference</b></td></tr><tr><td style="display: none">*</td><td><a href="Condition-EjDiagnosticoCondHLfIMAGINARIO1.html">Condition/EjDiagnosticoCondHLfIMAGINARIO1</a></td></tr></table></blockquote></div>
  </text>
  <status value="completed"/>
  <class>
    <coding>
      <system value="http://terminology.hl7.org/CodeSystem/v3-ActCode"/>
      <code value="EMER"/>
    </coding>
  </class>
  <serviceType>
    <reference>
      <reference value="HealthcareService/EjUnidadClinicaHLFIMAGINARIO"/>
    </reference>
  </serviceType>
  <subject>
    <reference value="Patient/007"/>
  </subject>
  <participant>
    <actor>
      <display value="Dr. Luke Organa"/>
    </actor>
  </participant>
  <plannedStartDate value="2015-02-07T13:28:17-05:00"/>
  <plannedEndDate value="2015-03-06T13:28:17-05:00"/>
  <diagnosis>
    <condition>
      <reference>
        <reference value="Condition/EjDiagnosticoCondHLfIMAGINARIO1"/>
      </reference>
    </condition>
  </diagnosis>
</Encounter>