<?xml version="1.0" encoding="UTF-8"?>

<Observation xmlns="http://hl7.org/fhir">
  <id value="EjOcupacion"/>
  <meta>
    <profile value="https://hospitallaflorida.cl/fhir/hlfhosp/StructureDefinition/Ocupaciones"/>
  </meta>
  <text>
    <status value="generated"/><div xmlns="http://www.w3.org/1999/xhtml"><p><b>Generated Narrative: Observation</b><a name="EjOcupacion"> </a></p><div style="display: inline-block; background-color: #d9e0e7; padding: 6px; margin: 4px; border: 1px solid #8da1b4; border-radius: 5px; line-height: 60%"><p style="margin-bottom: 0px">Resource Observation &quot;EjOcupacion&quot; </p><p style="margin-bottom: 0px">Profile: <a href="StructureDefinition-Ocupaciones.html">Aspectos Laborales</a></p></div><p><b>status</b>: registered</p><p><b>code</b>: History of Occupation <span style="background: LightGoldenRodYellow; margin: 4px; border: 1px solid khaki"> (<a href="https://loinc.org/">LOINC</a>#11341-5)</span></p><p><b>subject</b>: <a href="Patient-007.html">Patient/007</a> &quot; CON ROMBOS&quot;</p><p><b>effective</b>: 2023-09-11</p><p><b>performer</b>: <span>: na</span></p><p><b>value</b>: Ingeniería Civil Biomédica en Universidad del Estado <span style="background: LightGoldenRodYellow; margin: 4px; border: 1px solid khaki"> (<a href="CodeSystem-CSOcupacionesDet.html">Ocupaciones Detalladas</a>#2147 &quot;Ingenieros biomédicos&quot;)</span></p></div>
  </text>
  <status value="registered"/>
  <code>
    <coding>
      <system value="http://loinc.org"/>
      <code value="11341-5"/>
      <display value="History of Occupation"/>
    </coding>
  </code>
  <subject>
    <reference value="Patient/007"/>
  </subject>
  <effectiveDateTime value="2023-09-11"/>
  <performer>
    <display value="na"/>
  </performer>
  <valueCodeableConcept>
    <coding>
      <system value="https://hospitallaflorida.cl/fhir/hlfhosp/CodeSystem/CSOcupacionesDet"/>
      <code value="2147"/>
      <display value="Ingenieros biomédicos"/>
    </coding>
    <text value="Ingeniería Civil Biomédica en Universidad del Estado"/>
  </valueCodeableConcept>
</Observation>