<?xml version="1.0" encoding="UTF-8"?>

<Patient xmlns="http://hl7.org/fhir">
  <id value="007"/>
  <meta>
    <versionId value="1"/>
    <lastUpdated value="2023-06-08T00:00:00.166Z"/>
    <profile value="https://hospitallaflorida.cl/fhir/hlfhosp/StructureDefinition/PacienteHLF"/>
  </meta>
  <text>
    <status value="generated"/><div xmlns="http://www.w3.org/1999/xhtml"><p style="border: 1px #661aff solid; background-color: #e6e6ff; padding: 10px;"><b>Titin </b> male, DoB: 1999-09-19 ( Chile: 78223444-1 (use: OFFICIAL))</p><hr/><table class="grid"><tr><td style="background-color: #f3f5da" title="Known Marital status of Patient">Marital Status:</td><td colspan="3"><span title="Codes: {http://terminology.hl7.org/CodeSystem/v3-MaritalStatus D}">Divorced</span></td></tr><tr><td style="background-color: #f3f5da" title="Alternate names (see the one above)">Alt. Name:</td><td colspan="3">Calcetin Izquierdo Con Rombos (OFFICIAL)</td></tr><tr><td style="background-color: #f3f5da" title="Ways to contact the Patient">Contact Details:</td><td colspan="3"><ul><li><a href="mailto:calcetin@conrombos.man">calcetin@conrombos.man</a></li><li>ph: 5555555555</li><li>Calle 4 Norte, 52, pieza 802 Arica Arica y Parinacota Chile (HOME)</li></ul></td></tr><tr><td style="background-color: #f3f5da" title="Nominated Contact: C">C:</td><td colspan="3"><ul><li>Tulio Triviño </li><li>ph: 666666666</li></ul></td></tr><tr><td style="background-color: #f3f5da" title="Patient Links">Links:</td><td colspan="3"><ul><li>General Practitioner: <span>: Hospital San Juan de Dios</span></li></ul></td></tr><tr><td style="background-color: #f3f5da" title="Extensión para dato es de del sexo registrado oficialmente por el/la paciente"><a href="StructureDefinition-SexoReg.html">Sexo Registral:</a></td><td colspan="3"><ul><li>3</li></ul></td></tr><tr><td style="background-color: #f3f5da" title="Extensión para el código de identificación de país"><a href="StructureDefinition-CodigoPais.html">Código de identificación de país:</a></td><td colspan="3"><ul><li><span title="Codes: {urn:iso:std:iso:3166 152}">Chile</span></li></ul></td></tr><tr><td style="background-color: #f3f5da" title="Extensión para dato es de autoidentificación, por lo tanto, es una información que la persona entrega y el modelo de atención debe garantizar las condiciones y los mecanismos de privacidad y confidencialidad a través de un protocolo de aplicación local"><a href="StructureDefinition-IdentidadGenero.html">Identidad de Género:</a></td><td colspan="3"><ul><li>5</li></ul></td></tr><tr><td style="background-color: #f3f5da" title="Extensión de Sexdo biológico al nacer para Chile"><a href="StructureDefinition-SexoNacimiento820.html">Sexo biológico al nacer:</a></td><td colspan="3"><ul><li>1</li></ul></td></tr><tr><td style="background-color: #f3f5da" title="Se reconoce como pueblos indígenas u originarios en Chile a: mapuche, aymara, Rapanui, lickanantay, quechuas, colla, diaguitas, kawésqar, yagán y chango.">Extensión de Pueblos Indígenas u Origenarios:</td><td colspan="3"><ul><li>Pueblos: <span title="Codes: {https://hospitallaflorida.cl/fhir/hlfhosp/CodeSystem/CSPuebloIndigena 2}">Aymara</span></li><li>Otros: Aymara-Nui</li></ul></td></tr><tr><td style="background-color: #f3f5da" title="El nivel de instrucción se refiere al último año aprobado en el ciclo de educación más avanzado que declare haber cursado la persona en el Sistema Educativo.">Nivel Instruccion:</td><td colspan="3"><ul><li>Ucurso: <span title="Codes: {https://hospitallaflorida.cl/fhir/hlfhosp/CodeSystem/CSUCursoAprobado 8}">8vo Básico</span></li><li>Univel: <span title="Codes: {https://hospitallaflorida.cl/fhir/hlfhosp/CodeSystem/CSUNivelAprob 3}">Básica o Primaria</span></li></ul></td></tr><tr><td style="background-color: #f3f5da" title="Información sobre la Religión o Credo declarada por el paciente"><a href="StructureDefinition-ReligionesCultos.html">Extensión que define Religion o Culto:</a></td><td colspan="3"><ul><li><span title="Codes: {https://hospitallaflorida.cl/fhir/hlfhosp/CodeSystem/CSReligion 2}">Evangélica</span></li></ul></td></tr></table></div>
  </text>
  <extension url="https://hospitallaflorida.cl/fhir/hlfhosp/StructureDefinition/SexoNacimiento820">
    <valueCode value="1"/>
  </extension>
  <extension url="https://hospitallaflorida.cl/fhir/hlfhosp/StructureDefinition/SexoReg">
    <valueCode value="3"/>
  </extension>
  <extension url="https://hospitallaflorida.cl/fhir/hlfhosp/StructureDefinition/IdentidadGenero">
    <valueCode value="5"/>
  </extension>
  <extension url="https://hospitallaflorida.cl/fhir/hlfhosp/StructureDefinition/ReligionesCultos">
    <valueCodeableConcept>
      <coding>
        <system value="https://hospitallaflorida.cl/fhir/hlfhosp/CodeSystem/CSReligion"/>
        <code value="2"/>
        <display value="Evangélica"/>
      </coding>
    </valueCodeableConcept>
  </extension>
  <extension url="https://hospitallaflorida.cl/fhir/hlfhosp/StructureDefinition/PueblosIndigenas">
    <extension url="Pueblos">
      <valueCodeableConcept>
        <coding>
          <system value="https://hospitallaflorida.cl/fhir/hlfhosp/CodeSystem/CSPuebloIndigena"/>
          <code value="2"/>
          <display value="Aymara"/>
        </coding>
      </valueCodeableConcept>
    </extension>
    <extension url="Otros">
      <valueString value="Aymara-Nui"/>
    </extension>
  </extension>
  <extension url="https://hospitallaflorida.cl/fhir/hlfhosp/StructureDefinition/CodigoPais">
    <valueCodeableConcept>
      <coding>
        <system value="urn:iso:std:iso:3166"/>
        <code value="152"/>
        <display value="Chile"/>
      </coding>
    </valueCodeableConcept>
  </extension>
  <extension url="https://hospitallaflorida.cl/fhir/hlfhosp/StructureDefinition/NivelInstruccion">
    <extension url="Ucurso">
      <valueCodeableConcept>
        <coding>
          <system value="https://hospitallaflorida.cl/fhir/hlfhosp/CodeSystem/CSUCursoAprobado"/>
          <code value="8"/>
          <display value="8vo Básico"/>
        </coding>
      </valueCodeableConcept>
    </extension>
    <extension url="Univel">
      <valueCodeableConcept>
        <coding>
          <system value="https://hospitallaflorida.cl/fhir/hlfhosp/CodeSystem/CSUNivelAprob"/>
          <code value="3"/>
          <display value="Básica o Primaria"/>
        </coding>
      </valueCodeableConcept>
    </extension>
  </extension>
  <identifier>
    <extension url="https://hospitallaflorida.cl/fhir/hlfhosp/StructureDefinition/CodigoPais">
      <valueCodeableConcept>
        <coding>
          <system value="urn:iso:std:iso:3166"/>
          <code value="152"/>
          <display value="Chile"/>
        </coding>
      </valueCodeableConcept>
    </extension>
    <use value="official"/>
    <type>
      <coding>
        <system value="https://hospitallaflorida.cl/fhir/hlfhosp/CodeSystem/CSCodigoDNI"/>
        <code value="NNCHL"/>
        <display value="Chile"/>
      </coding>
    </type>
    <value value="78223444-1"/>
  </identifier>
  <name>
    <use value="official"/>
    <family value="Con Rombos">
      <extension url="http://hl7.org/fhir/StructureDefinition/humanname-mothers-family">
        <valueString value="Man"/>
      </extension>
    </family>
    <given value="Calcetin"/>
    <given value="Izquierdo"/>
  </name>
  <name>
    <use value="usual"/>
    <given value="Titin"/>
  </name>
  <telecom>
    <system value="email"/>
    <value value="calcetin@conrombos.man"/>
  </telecom>
  <telecom>
    <system value="phone"/>
    <value value="5555555555"/>
  </telecom>
  <gender value="male"/>
  <birthDate value="1999-09-19"/>
  <address>
    <extension url="https://hospitallaflorida.cl/fhir/hlfhosp/StructureDefinition/TipoViaDireccion">
      <valueCodeableConcept>
        <coding>
          <system value="https://hospitallaflorida.cl/fhir/hlfhosp/CodeSystem/CSDireccionTipoVia"/>
          <code value="1"/>
          <display value="Calle"/>
        </coding>
      </valueCodeableConcept>
    </extension>
    <use value="home"/>
    <line value="Calle 4 Norte, 52, pieza 802"/>
    <city value="Arica"/>
    <district value="Arica"/>
    <state value="Arica y Parinacota"/>
    <country value="Chile"/>
  </address>
  <maritalStatus>
    <coding>
      <system value="http://terminology.hl7.org/CodeSystem/v3-MaritalStatus"/>
      <code value="D"/>
      <display value="Divorced"/>
    </coding>
  </maritalStatus>
  <contact>
    <relationship>
      <coding>
        <system value="http://terminology.hl7.org/5.1.0/CodeSystem-v2-0131.html"/>
        <code value="C"/>
      </coding>
    </relationship>
    <name>
      <family value="Triviño"/>
      <given value="Tulio"/>
    </name>
    <telecom>
      <system value="phone"/>
      <value value="666666666"/>
    </telecom>
  </contact>
  <generalPractitioner>
    <display value="Hospital San Juan de Dios"/>
  </generalPractitioner>
</Patient>