<?xml version="1.0" encoding="UTF-8"?>

<Patient xmlns="http://hl7.org/fhir">
  <id value="008"/>
  <meta>
    <versionId value="1"/>
    <lastUpdated value="2023-08-08T00:00:00.166Z"/>
    <profile value="https://hospitallaflorida.cl/fhir/hlfhosp/StructureDefinition/PacienteHLF"/>
  </meta>
  <text>
    <status value="generated"/><div xmlns="http://www.w3.org/1999/xhtml"><p style="border: 1px #661aff solid; background-color: #e6e6ff; padding: 10px;"><b>Wilmara Wilma Perez (OFFICIAL)</b> female, DoB: 1960-01-20 ( Chile: 99999999-9 (use: OFFICIAL))</p><hr/><table class="grid"><tr><td style="background-color: #f3f5da" title="Known Marital status of Patient">Marital Status:</td><td colspan="3"><span title="Codes: {http://terminology.hl7.org/CodeSystem/v3-MaritalStatus M}">Married</span></td></tr><tr><td style="background-color: #f3f5da" title="Ways to contact the Patient">Contact Details:</td><td colspan="3"><ul><li><a href="mailto:wilma@perez.perez">wilma@perez.perez</a></li><li>Lautaro 900 Linares Del Maule Chile (HOME)</li></ul></td></tr><tr><td style="background-color: #f3f5da" title="Nominated Contact: C">C:</td><td colspan="3"><ul><li>Tulio Triviño </li><li>ph: -unknown-</li></ul></td></tr><tr><td style="background-color: #f3f5da" title="Patient Links">Links:</td><td colspan="3"><ul><li>General Practitioner: <span>: Hospital San Juan de Dios</span></li></ul></td></tr><tr><td style="background-color: #f3f5da" title="Extensión de Sexdo biológico al nacer para Chile"><a href="StructureDefinition-SexoNacimiento820.html">Sexo biológico al nacer:</a></td><td colspan="3"><ul><li>2</li></ul></td></tr></table></div>
  </text>
  <extension url="https://hospitallaflorida.cl/fhir/hlfhosp/StructureDefinition/SexoNacimiento820">
    <valueCode value="2"/>
  </extension>
  <identifier>
    <extension url="https://hospitallaflorida.cl/fhir/hlfhosp/StructureDefinition/CodigoPais">
      <valueCodeableConcept>
        <coding>
          <system value="urn:iso:std:iso:3166"/>
          <code value="152"/>
          <display value="Chile"/>
        </coding>
      </valueCodeableConcept>
    </extension>
    <use value="official"/>
    <type>
      <coding>
        <system value="https://hospitallaflorida.cl/fhir/hlfhosp/CodeSystem/CSCodigoDNI"/>
        <code value="NNCHL"/>
        <display value="Chile"/>
      </coding>
    </type>
    <value value="99999999-9"/>
  </identifier>
  <name>
    <use value="official"/>
    <family value="Perez"/>
    <given value="Wilmara"/>
    <given value="Wilma"/>
  </name>
  <telecom>
    <system value="email"/>
    <value value="wilma@perez.perez"/>
  </telecom>
  <gender value="female"/>
  <birthDate value="1960-01-20"/>
  <address>
    <extension url="https://hospitallaflorida.cl/fhir/hlfhosp/StructureDefinition/TipoViaDireccion">
      <valueCodeableConcept>
        <coding>
          <system value="https://hospitallaflorida.cl/fhir/hlfhosp/CodeSystem/CSDireccionTipoVia"/>
          <code value="1"/>
          <display value="Calle"/>
        </coding>
      </valueCodeableConcept>
    </extension>
    <use value="home"/>
    <line value="Lautaro 900"/>
    <city value="Linares"/>
    <district value="Linares"/>
    <state value="Del Maule"/>
    <country value="Chile"/>
  </address>
  <maritalStatus>
    <coding>
      <system value="http://terminology.hl7.org/CodeSystem/v3-MaritalStatus"/>
      <code value="M"/>
      <display value="Married"/>
    </coding>
  </maritalStatus>
  <contact>
    <relationship>
      <coding>
        <system value="http://terminology.hl7.org/5.1.0/CodeSystem-v2-0131.html"/>
        <code value="C"/>
      </coding>
    </relationship>
    <name>
      <family value="Triviño"/>
      <given value="Tulio"/>
    </name>
    <telecom>
      <system value="phone"/>
    </telecom>
  </contact>
  <generalPractitioner>
    <display value="Hospital San Juan de Dios"/>
  </generalPractitioner>
</Patient>