<?xml version="1.0" encoding="UTF-8"?>

<Patient xmlns="http://hl7.org/fhir">
  <id value="007"/>
  <meta>
    <versionId value="1"/>
    <lastUpdated value="2023-06-08T00:00:00.166Z"/>
    <profile value="https://hospitallaflorida.cl/fhir/hlfhosp/StructureDefinition/PacienteHLF"/>
  </meta>
  <text>
    <status value="generated"/><div xmlns="http://www.w3.org/1999/xhtml"><p style="border: 1px #661aff solid; background-color: #e6e6ff; padding: 10px;"><b>Luke Solo Organa (OFFICIAL)</b> male, DoB: 1980-08-04 ( Chile: 78223444-1 (use: OFFICIAL))</p><hr/><table class="grid"><tr><td style="background-color: #f3f5da" title="Record is active">Active:</td><td>true</td><td style="background-color: #f3f5da" title="Known Marital status of Patient">Marital Status:</td><td colspan="3"><span title="Codes: {http://terminology.hl7.org/CodeSystem/v3-MaritalStatus D}">Divorced</span></td></tr><tr><td style="background-color: #f3f5da" title="Ways to contact the Patient">Contact Details:</td><td colspan="3"><ul><li><a href="mailto:LukeSky@organa.cl">LukeSky@organa.cl</a></li><li>Calle 4 Norte, 52, pieza 802 Arica Arica y Parinacota Chile (HOME)</li></ul></td></tr><tr><td style="background-color: #f3f5da" title="Extensión para dato es de del sexo registrado oficialmente por el/la paciente"><a href="StructureDefinition-SexoReg.html">Sexo Registral:</a></td><td colspan="3"><ul><li>3</li></ul></td></tr><tr><td style="background-color: #f3f5da" title="Esta extensión permite agregar un nombre social al paciente"><a href="StructureDefinition-NombreSocial.html">Nombre Social de Paciente:</a></td><td colspan="3"><ul><li>Leia</li></ul></td></tr><tr><td style="background-color: #f3f5da" title="Extensión para dato es de autoidentificación, por lo tanto, es una información que la persona entrega y el modelo de atención debe garantizar las condiciones y los mecanismos de privacidad y confidencialidad a través de un protocolo de aplicación local "><a href="StructureDefinition-IdentidadGenero.html">Identidad de Género:</a></td><td colspan="3"><ul><li>5</li></ul></td></tr><tr><td style="background-color: #f3f5da" title="Extensión de Sexdo biológico al nacer para Chile"><a href="StructureDefinition-SexoNacimiento820.html">Sexo biológico al nacer:</a></td><td colspan="3"><ul><li>1</li></ul></td></tr></table></div>
  </text>
  <extension url="https://hospitallaflorida.cl/fhir/hlfhosp/StructureDefinition/NombreSocial">
    <valueString value="Leia"/>
  </extension>
  <extension url="https://hospitallaflorida.cl/fhir/hlfhosp/StructureDefinition/SexoNacimiento820">
    <valueCode value="1"/>
  </extension>
  <extension url="https://hospitallaflorida.cl/fhir/hlfhosp/StructureDefinition/SexoReg">
    <valueCode value="3"/>
  </extension>
  <extension url="https://hospitallaflorida.cl/fhir/hlfhosp/StructureDefinition/IdentidadGenero">
    <valueCode value="5"/>
  </extension>
  <identifier>
    <use value="official"/>
    <type>
      <coding>
        <system value="https://hospitallaflorida.cl/fhir/hlfhosp/CodeSystem/CSCodigoDNI"/>
        <code value="NNCHL"/>
        <display value="Chile"/>
      </coding>
    </type>
    <system value="http://regcivil.cl/Validacion/Passport"/>
    <value value="78223444-1"/>
  </identifier>
  <active value="true"/>
  <name>
    <use value="official"/>
    <family value="Organa">
      <extension url="http://hl7.org/fhir/StructureDefinition/humanname-mothers-family">
        <valueString value="Skywalker"/>
      </extension>
    </family>
    <given value="Luke"/>
    <given value="Solo"/>
  </name>
  <telecom>
    <system value="email"/>
    <value value="LukeSky@organa.cl"/>
    <use value="home"/>
  </telecom>
  <gender value="male"/>
  <birthDate value="1980-08-04"/>
  <address>
    <use value="home"/>
    <line value="Calle 4 Norte, 52, pieza 802"/>
    <city value="Arica"/>
    <district value="Arica"/>
    <state value="Arica y Parinacota"/>
    <country value="Chile"/>
  </address>
  <maritalStatus>
    <coding>
      <system value="http://terminology.hl7.org/CodeSystem/v3-MaritalStatus"/>
      <code value="D"/>
      <display value="Divorced"/>
    </coding>
  </maritalStatus>
</Patient>