<?xml version="1.0" encoding="UTF-8"?>

<SearchParameter xmlns="http://hl7.org/fhir">
  <id value="is-pediatrica"/>
  <text>
    <status value="generated"/><div xmlns="http://www.w3.org/1999/xhtml"><h2>is-pediatrica</h2><p>Parameter <code>is-pediatrica</code>:<code>token</code></p><div><p>Retorna las Unidades Clinicas HLF que son pediatricas</p>
</div><table class="grid"><tr><td>Resource</td><td><a href="http://hl7.org/fhir/R5/healthcareservice.html">HealthcareService</a></td></tr><tr><td>Expression</td><td><code>HealthcareService.extension('unidad-pediatrica').valueBoolean</code></td></tr><tr><td>Processing Mode</td><td>Normal</td></tr><tr><td>Multiples</td><td>The parameter cannot repeat or have multiple values</td></tr></table></div>
  </text>
  <url value="https://hospitallaflorida.cl/fhir/hlfhosp/SearchParameter/is-pediatrica"/>
  <version value="0.3.0"/>
  <name value="is-pediatrica"/>
  <status value="draft"/>
  <date value="2023-06-30T15:47:06-04:00"/>
  <publisher value="Hospital Eloisa Diaz de la Florida"/>
  <contact>
    <name value="Hospital Eloisa Diaz de la Florida"/>
    <telecom>
      <system value="url"/>
      <value value="https://www.hospitallaflorida.cl/"/>
    </telecom>
    <telecom>
      <system value="email"/>
      <value value="leonardo.arancibia@hospitallaflorida.cl"/>
    </telecom>
  </contact>
  <description value="Retorna las Unidades Clinicas HLF que son pediatricas"/>
  <code value="is-pediatrica"/>
  <base value="HealthcareService"/>
  <type value="token"/>
  <expression value="HealthcareService.extension('unidad-pediatrica').valueBoolean"/>
  <processingMode value="normal"/>
</SearchParameter>