<?xml version="1.0" encoding="UTF-8"?>

<ValueSet xmlns="http://hl7.org/fhir">
  <id value="VSTiposDocumentos"/>
  <text>
    <status value="generated"/><div xmlns="http://www.w3.org/1999/xhtml"><p>This value set includes codes based on the following rules:</p><ul><li>Include all codes defined in <a href="CodeSystem-CSCodigoDNI.html"><code>https://hospitallaflorida.cl/fhir/hlfhosp/CodeSystem/CSCodigoDNI</code></a></li><li>Include all codes defined in <a href="http://terminology.hl7.org/5.0.0/CodeSystem-v2-0203.html"><code>http://terminology.hl7.org/CodeSystem/v2-0203</code></a></li></ul></div>
  </text>
  <url value="https://hospitallaflorida.cl/fhir/hlfhosp/ValueSet/VSTiposDocumentos"/>
  <version value="0.3.0"/>
  <name value="VSTiposDocumentos"/>
  <title value="Tipos de Documentos"/>
  <status value="active"/>
  <experimental value="false"/>
  <date value="2022-01-18T00:00:00-03:00"/>
  <publisher value="Hospital Eloisa Diaz de la Florida"/>
  <contact>
    <name value="Hospital Eloisa Diaz de la Florida"/>
    <telecom>
      <system value="url"/>
      <value value="https://www.hospitallaflorida.cl/"/>
    </telecom>
    <telecom>
      <system value="email"/>
      <value value="leonardo.arancibia@hospitallaflorida.cl"/>
    </telecom>
  </contact>
  <description value="Tipos de Documentos para identificación según tabla HL7 V3 y CodeSystem local."/>
  <jurisdiction>
    <coding>
      <system value="urn:iso:std:iso:3166"/>
      <code value="CL"/>
      <display value="Chile"/>
    </coding>
  </jurisdiction>
  <compose>
    <include>
      <system value="https://hospitallaflorida.cl/fhir/hlfhosp/CodeSystem/CSCodigoDNI"/>
    </include>
    <include>
      <system value="http://terminology.hl7.org/CodeSystem/v2-0203"/>
    </include>
  </compose>
</ValueSet>