<?xml version="1.0" encoding="UTF-8"?><CodeSystem xmlns="http://hl7.org/fhir"><id value="TPUR"/><text><status value="generated"/><div xmlns="http://www.w3.org/1999/xhtml"><p><b>Properties</b></p><p><b>This code system  defines the following properties for its concepts</b></p><table class="grid"><tr><td><b>Code</b></td><td><b>Type</b></td><td><b>Description</b></td></tr><tr><td>vigencia</td><td>boolean</td><td>si el codigo es vigente</td></tr><tr><td>orden</td><td>integer</td><td>el orden de presentación de los códigos</td></tr></table><p><b>Concepts</b></p><p>This case-sensitive code system <code>https://hospitallaflorida.cl/fhir/hlfhosp/CodeSystem/TPUR</code> defines the following codes:</p><table class="codes"><tr><td style="white-space:nowrap"><b>Code</b></td><td><b>Display</b></td><td><b>vigencia</b></td><td><b>orden</b></td></tr><tr><td style="white-space:nowrap">1<a name="TPUR-1"> </a></td><td>Urgencia Ambulatoria (SAR)</td><td>true</td><td>1</td></tr><tr><td style="white-space:nowrap">2<a name="TPUR-2"> </a></td><td>Urgencia Ambulatoria (SAPU)</td><td>true</td><td>1</td></tr><tr><td style="white-space:nowrap">3<a name="TPUR-3"> </a></td><td>Ambulatoria Dental</td><td>true</td><td>1</td></tr><tr><td style="white-space:nowrap">4<a name="TPUR-4"> </a></td><td>Urgencia Hospitalaria (UEH)</td><td>true</td><td>1</td></tr><tr><td style="white-space:nowrap">5<a name="TPUR-5"> </a></td><td>Urgencia Ambulatoria</td><td>true</td><td>1</td></tr><tr><td style="white-space:nowrap">6<a name="TPUR-6"> </a></td><td>Urgencia Ambulatoria (SUR)</td><td>true</td><td>1</td></tr><tr><td style="white-space:nowrap">7<a name="TPUR-7"> </a></td><td>Ambulatoria CEAR</td><td>true</td><td>1</td></tr><tr><td style="white-space:nowrap">8<a name="TPUR-8"> </a></td><td>No Aplica</td><td>true</td><td>1</td></tr></table></div></text><url value="https://hospitallaflorida.cl/fhir/hlfhosp/CodeSystem/TPUR"/><version value="0.7.0"/><name value="TPUR"/><title value="Tipo de urgencia"/><status value="active"/><experimental value="false"/><date value="2023-06-22T00:00:00-03:00"/><publisher value="Hospital Eloisa Diaz de la Florida"/><contact><name value="Hospital Eloisa Diaz de la Florida"/><telecom><system value="url"/><value value="https://www.hospitallaflorida.cl/"/></telecom><telecom><system value="email"/><value value="leonardo.arancibia@hospitallaflorida.cl"/></telecom></contact><description value="Tipo de urgencia"/><caseSensitive value="true"/><content value="complete"/><count value="8"/><property><code value="vigencia"/><description value="si el codigo es vigente"/><type value="boolean"/></property><property><code value="orden"/><description value="el orden de presentación de los códigos"/><type value="integer"/></property><concept><code value="1"/><display value="Urgencia Ambulatoria (SAR)"/><property><code value="vigencia"/><valueBoolean value="true"/></property><property><code value="orden"/><valueInteger value="1"/></property></concept><concept><code value="2"/><display value="Urgencia Ambulatoria (SAPU)"/><property><code value="vigencia"/><valueBoolean value="true"/></property><property><code value="orden"/><valueInteger value="1"/></property></concept><concept><code value="3"/><display value="Ambulatoria Dental"/><property><code value="vigencia"/><valueBoolean value="true"/></property><property><code value="orden"/><valueInteger value="1"/></property></concept><concept><code value="4"/><display value="Urgencia Hospitalaria (UEH)"/><property><code value="vigencia"/><valueBoolean value="true"/></property><property><code value="orden"/><valueInteger value="1"/></property></concept><concept><code value="5"/><display value="Urgencia Ambulatoria"/><property><code value="vigencia"/><valueBoolean value="true"/></property><property><code value="orden"/><valueInteger value="1"/></property></concept><concept><code value="6"/><display value="Urgencia Ambulatoria (SUR)"/><property><code value="vigencia"/><valueBoolean value="true"/></property><property><code value="orden"/><valueInteger value="1"/></property></concept><concept><code value="7"/><display value="Ambulatoria CEAR"/><property><code value="vigencia"/><valueBoolean value="true"/></property><property><code value="orden"/><valueInteger value="1"/></property></concept><concept><code value="8"/><display value="No Aplica"/><property><code value="vigencia"/><valueBoolean value="true"/></property><property><code value="orden"/><valueInteger value="1"/></property></concept></CodeSystem>