<?xml version="1.0" encoding="UTF-8"?><CodeSystem xmlns="http://hl7.org/fhir"><id value="CMGR"/><text><status value="generated"/><div xmlns="http://www.w3.org/1999/xhtml"><p><b>Properties</b></p><p><b>This code system  defines the following properties for its concepts</b></p><table class="grid"><tr><td><b>Code</b></td><td><b>Type</b></td><td><b>Description</b></td></tr><tr><td>vigencia</td><td>boolean</td><td>si el codigo es vigente</td></tr><tr><td>orden</td><td>integer</td><td>el orden de presentación de los códigos</td></tr><tr><td>codigoMinsal</td><td>string</td><td>el equivalente en el código del MINSAL norma 820</td></tr></table><p><b>Concepts</b></p><p>This case-sensitive code system <code>https://hospitallaflorida.cl/fhir/hlfhosp/CodeSystem/CMGR</code> defines the following codes:</p><table class="codes"><tr><td style="white-space:nowrap"><b>Code</b></td><td><b>Display</b></td><td><b>vigencia</b></td><td><b>orden</b></td><td><b>codigoMinsal</b></td></tr><tr><td style="white-space:nowrap">1<a name="CMGR-1"> </a></td><td>Primera consulta médica general o consulta nueva</td><td>true</td><td>1</td><td>1</td></tr><tr><td style="white-space:nowrap">2<a name="CMGR-2"> </a></td><td>Consulta médica de control o seguimiento</td><td>true</td><td>1</td><td>2</td></tr></table></div></text><url value="https://hospitallaflorida.cl/fhir/hlfhosp/CodeSystem/CMGR"/><version value="0.7.0"/><name value="CMGR"/><title value="Consulta médica general"/><status value="active"/><experimental value="true"/><date value="2023-06-22T00:00:00-03:00"/><publisher value="Hospital Eloisa Diaz de la Florida"/><contact><name value="Hospital Eloisa Diaz de la Florida"/><telecom><system value="url"/><value value="https://www.hospitallaflorida.cl/"/></telecom><telecom><system value="email"/><value value="leonardo.arancibia@hospitallaflorida.cl"/></telecom></contact><description value="Consulta médica general"/><caseSensitive value="true"/><content value="complete"/><count value="2"/><property><code value="vigencia"/><description value="si el codigo es vigente"/><type value="boolean"/></property><property><code value="orden"/><description value="el orden de presentación de los códigos"/><type value="integer"/></property><property><code value="codigoMinsal"/><description value="el equivalente en el código del MINSAL norma 820"/><type value="string"/></property><concept><code value="1"/><display value="Primera consulta médica general o consulta nueva"/><property><code value="vigencia"/><valueBoolean value="true"/></property><property><code value="orden"/><valueInteger value="1"/></property><property><code value="codigoMinsal"/><valueString value="1"/></property></concept><concept><code value="2"/><display value="Consulta médica de control o seguimiento"/><property><code value="vigencia"/><valueBoolean value="true"/></property><property><code value="orden"/><valueInteger value="1"/></property><property><code value="codigoMinsal"/><valueString value="2"/></property></concept></CodeSystem>