<?xml version="1.0" encoding="UTF-8"?><CodeSystem xmlns="http://hl7.org/fhir"><id value="CSPrevision"/><text><status value="generated"/><div xmlns="http://www.w3.org/1999/xhtml"><p>This code system <code>https://hospitallaflorida.cl/fhir/hlfhosp/CodeSystem/CSPrevision</code> defines the following codes:</p><table class="codes"><tr><td style="white-space:nowrap"><b>Code</b></td><td><b>Display</b></td></tr><tr><td style="white-space:nowrap">1<a name="CSPrevision-1"> </a></td><td>FONASA</td></tr><tr><td style="white-space:nowrap">2<a name="CSPrevision-2"> </a></td><td>ISAPRE</td></tr><tr><td style="white-space:nowrap">3<a name="CSPrevision-3"> </a></td><td>CAPREDENA</td></tr><tr><td style="white-space:nowrap">4<a name="CSPrevision-4"> </a></td><td>DIPRECA</td></tr><tr><td style="white-space:nowrap">5<a name="CSPrevision-5"> </a></td><td>SISA</td></tr><tr><td style="white-space:nowrap">96<a name="CSPrevision-96"> </a></td><td>NINGUNA</td></tr><tr><td style="white-space:nowrap">99<a name="CSPrevision-99"> </a></td><td>DESCONOCIDO</td></tr></table></div></text><url value="https://hospitallaflorida.cl/fhir/hlfhosp/CodeSystem/CSPrevision"/><version value="0.3.0"/><name value="CSPrevision"/><title value="Prevision del Paciente"/><status value="active"/><experimental value="true"/><date value="2023-06-22T00:00:00-03:00"/><publisher value="Hospital Eloisa Diaz de la Florida"/><contact><name value="Hospital Eloisa Diaz de la Florida"/><telecom><system value="url"/><value value="https://www.hospitallaflorida.cl/"/></telecom><telecom><system value="email"/><value value="leonardo.arancibia@hospitallaflorida.cl"/></telecom></contact><description value="Tipos de previsión declaradas en Chile"/><jurisdiction><coding><system value="urn:iso:std:iso:3166"/><code value="CL"/><display value="Chile"/></coding></jurisdiction><caseSensitive value="true"/><content value="complete"/><count value="7"/><concept><code value="1"/><display value="FONASA"/></concept><concept><code value="2"/><display value="ISAPRE"/></concept><concept><code value="3"/><display value="CAPREDENA"/></concept><concept><code value="4"/><display value="DIPRECA"/></concept><concept><code value="5"/><display value="SISA"/></concept><concept><code value="96"/><display value="NINGUNA"/></concept><concept><code value="99"/><display value="DESCONOCIDO"/></concept></CodeSystem>