<?xml version="1.0" encoding="UTF-8"?><CodeSystem xmlns="http://hl7.org/fhir"><id value="CSComplejidad"/><text><status value="generated"/><div xmlns="http://www.w3.org/1999/xhtml"><p>This case-sensitive code system <code>https://hospitallaflorida.cl/fhir/hlfhosp/CodeSystem/CSComplejidad</code> defines the following codes:</p><table class="codes"><tr><td style="white-space:nowrap"><b>Code</b></td><td><b>Display</b></td><td><b>Definition</b></td></tr><tr><td style="white-space:nowrap">baja<a name="CSComplejidad-baja"> </a></td><td>Baja</td><td>Complejidad baja</td></tr><tr><td style="white-space:nowrap">media<a name="CSComplejidad-media"> </a></td><td>Media</td><td>Complejidad media</td></tr><tr><td style="white-space:nowrap">intermedia<a name="CSComplejidad-intermedia"> </a></td><td>Intermedia</td><td>Complejidad intermedia</td></tr><tr><td style="white-space:nowrap">alta<a name="CSComplejidad-alta"> </a></td><td>Alta</td><td>Complejidad alta</td></tr></table></div></text><url value="https://hospitallaflorida.cl/fhir/hlfhosp/CodeSystem/CSComplejidad"/><version value="0.7.0"/><name value="CSComplejidad"/><title value="Complejidad"/><status value="active"/><experimental value="true"/><date value="2023-06-22T00:00:00-03:00"/><publisher value="Hospital Eloisa Diaz de la Florida"/><contact><name value="Hospital Eloisa Diaz de la Florida"/><telecom><system value="url"/><value value="https://www.hospitallaflorida.cl/"/></telecom><telecom><system value="email"/><value value="leonardo.arancibia@hospitallaflorida.cl"/></telecom></contact><description value="Códigos para identificar la complejidad HLF"/><caseSensitive value="true"/><content value="complete"/><count value="4"/><concept><code value="baja"/><display value="Baja"/><definition value="Complejidad baja"/></concept><concept><code value="media"/><display value="Media"/><definition value="Complejidad media"/></concept><concept><code value="intermedia"/><display value="Intermedia"/><definition value="Complejidad intermedia"/></concept><concept><code value="alta"/><display value="Alta"/><definition value="Complejidad alta"/></concept></CodeSystem>