<?xml version="1.0" encoding="UTF-8"?><ImplementationGuide xmlns="http://hl7.org/fhir"><id value="fhir.hlf.hosp"/><text><status value="extensions"/><div xmlns="http://www.w3.org/1999/xhtml"><h2>HlfHosp</h2><p>The official URL for this implementation guide is: </p><pre>https://hospitallaflorida.cl/fhir/hlfhosp/ImplementationGuide/fhir.hlf.hosp</pre></div></text><url value="https://hospitallaflorida.cl/fhir/hlfhosp/ImplementationGuide/fhir.hlf.hosp"/><version value="0.3.0"/><name value="HlfHosp"/><title value="Guía de Implementación Procesos de Hospitalizado"/><status value="draft"/><date value="2023-06-30T15:47:06-04:00"/><publisher value="Hospital Eloisa Diaz de la Florida"/><contact><name value="Hospital Eloisa Diaz de la Florida"/><telecom><system value="url"/><value value="https://www.hospitallaflorida.cl/"/></telecom><telecom><system value="email"/><value value="leonardo.arancibia@hospitallaflorida.cl"/></telecom></contact><packageId value="fhir.hlf.hosp"/><license value="CC0-1.0"/><fhirVersion value="5.0.0"/><dependsOn id="hl7tx"><extension url="http://hl7.org/fhir/tools/StructureDefinition/implementationguide-dependency-comment"><valueMarkdown value="Automatically added as a dependency - all IGs depend on HL7 Terminology"/></extension><uri value="http://terminology.hl7.org/ImplementationGuide/hl7.terminology"/><packageId value="hl7.terminology.r5"/><version value="5.0.0"/></dependsOn><dependsOn id="hl7ext"><extension url="http://hl7.org/fhir/tools/StructureDefinition/implementationguide-dependency-comment"><valueMarkdown value="Automatically added as a dependency - all IGs depend on the HL7 Extension Pack"/></extension><uri value="http://hl7.org/fhir/extensions/ImplementationGuide/hl7.fhir.uv.extensions"/><packageId value="hl7.fhir.uv.extensions.r5"/><version value="1.0.0"/></dependsOn><definition><extension url="http://hl7.org/fhir/tools/StructureDefinition/ig-parameter"><extension url="code"><valueString value="copyrightyear"/></extension><extension url="value"><valueString value="2023+"/></extension></extension><extension url="http://hl7.org/fhir/tools/StructureDefinition/ig-parameter"><extension url="code"><valueString value="releaselabel"/></extension><extension url="value"><valueString value="ci-build"/></extension></extension><extension url="http://hl7.org/fhir/tools/StructureDefinition/ig-parameter"><extension url="code"><valueString value="display-warnings"/></extension><extension url="value"><valueString value="true"/></extension></extension><extension url="http://hl7.org/fhir/tools/StructureDefinition/ig-parameter"><extension url="code"><valueString value="autoload-resources"/></extension><extension url="value"><valueString value="true"/></extension></extension><extension url="http://hl7.org/fhir/tools/StructureDefinition/ig-parameter"><extension url="code"><valueString value="path-liquid"/></extension><extension url="value"><valueString value="template/liquid"/></extension></extension><extension url="http://hl7.org/fhir/tools/StructureDefinition/ig-parameter"><extension url="code"><valueString value="path-liquid"/></extension><extension url="value"><valueString value="input/liquid"/></extension></extension><extension url="http://hl7.org/fhir/tools/StructureDefinition/ig-parameter"><extension url="code"><valueString value="path-qa"/></extension><extension url="value"><valueString value="temp/qa"/></extension></extension><extension url="http://hl7.org/fhir/tools/StructureDefinition/ig-parameter"><extension url="code"><valueString value="path-temp"/></extension><extension url="value"><valueString value="temp/pages"/></extension></extension><extension url="http://hl7.org/fhir/tools/StructureDefinition/ig-parameter"><extension url="code"><valueString value="path-output"/></extension><extension url="value"><valueString value="output"/></extension></extension><extension url="http://hl7.org/fhir/tools/StructureDefinition/ig-parameter"><extension url="code"><valueString value="path-suppressed-warnings"/></extension><extension url="value"><valueString value="input/ignoreWarnings.txt"/></extension></extension><extension url="http://hl7.org/fhir/tools/StructureDefinition/ig-parameter"><extension url="code"><valueString value="path-history"/></extension><extension url="value"><valueString value="https://hospitallaflorida.cl/fhir/hlfhosp/history.html"/></extension></extension><extension url="http://hl7.org/fhir/tools/StructureDefinition/ig-parameter"><extension url="code"><valueString value="template-html"/></extension><extension url="value"><valueString value="template-page.html"/></extension></extension><extension url="http://hl7.org/fhir/tools/StructureDefinition/ig-parameter"><extension url="code"><valueString value="template-md"/></extension><extension url="value"><valueString value="template-page-md.html"/></extension></extension><extension url="http://hl7.org/fhir/tools/StructureDefinition/ig-parameter"><extension url="code"><valueString value="apply-contact"/></extension><extension url="value"><valueString value="true"/></extension></extension><extension url="http://hl7.org/fhir/tools/StructureDefinition/ig-parameter"><extension url="code"><valueString value="apply-context"/></extension><extension url="value"><valueString value="true"/></extension></extension><extension url="http://hl7.org/fhir/tools/StructureDefinition/ig-parameter"><extension url="code"><valueString value="apply-copyright"/></extension><extension url="value"><valueString value="true"/></extension></extension><extension url="http://hl7.org/fhir/tools/StructureDefinition/ig-parameter"><extension url="code"><valueString value="apply-jurisdiction"/></extension><extension url="value"><valueString value="true"/></extension></extension><extension url="http://hl7.org/fhir/tools/StructureDefinition/ig-parameter"><extension url="code"><valueString value="apply-license"/></extension><extension url="value"><valueString value="true"/></extension></extension><extension url="http://hl7.org/fhir/tools/StructureDefinition/ig-parameter"><extension url="code"><valueString value="apply-publisher"/></extension><extension url="value"><valueString value="true"/></extension></extension><extension url="http://hl7.org/fhir/tools/StructureDefinition/ig-parameter"><extension url="code"><valueString value="apply-version"/></extension><extension url="value"><valueString value="true"/></extension></extension><extension url="http://hl7.org/fhir/tools/StructureDefinition/ig-parameter"><extension url="code"><valueString value="active-tables"/></extension><extension url="value"><valueString value="true"/></extension></extension><extension url="http://hl7.org/fhir/tools/StructureDefinition/ig-parameter"><extension url="code"><valueString value="fmm-definition"/></extension><extension url="value"><valueString value="http://hl7.org/fhir/versions.html#maturity"/></extension></extension><extension url="http://hl7.org/fhir/tools/StructureDefinition/ig-parameter"><extension url="code"><valueString value="propagate-status"/></extension><extension url="value"><valueString value="true"/></extension></extension><extension url="http://hl7.org/fhir/tools/StructureDefinition/ig-parameter"><extension url="code"><valueString value="excludelogbinaryformat"/></extension><extension url="value"><valueString value="true"/></extension></extension><extension url="http://hl7.org/fhir/tools/StructureDefinition/ig-parameter"><extension url="code"><valueString value="tabbed-snapshots"/></extension><extension url="value"><valueString value="true"/></extension></extension><extension url="http://hl7.org/fhir/tools/StructureDefinition/ig-internal-dependency"><valueCode value="hl7.fhir.uv.tools#current"/></extension><grouping id="-dyn-searchparameter"><name value="Behavior: Search Parameters"/><description value="These define the properties by which a RESTful server can be searched.  They can also be used for sorting and including related resources."/></grouping><grouping id="-str-profile"><name value="Structures: Resource Profiles"/><description value="These define constraints on FHIR resources for systems conforming to this implementation guide."/></grouping><grouping id="-str-extension"><name value="Structures: Extension Definitions"/><description value="These define constraints on FHIR data types for systems conforming to this implementation guide."/></grouping><grouping id="-term-valueset"><name value="Terminology: Value Sets"/><description value="These define sets of codes used by systems conforming to this implementation guide."/></grouping><grouping id="-term-codesystem"><name value="Terminology: Code Systems"/><description value="These define new code systems used by systems conforming to this implementation guide."/></grouping><resource><extension url="http://hl7.org/fhir/StructureDefinition/implementationguide-page"><valueUri value="StructureDefinition-Ocupaciones.html"/></extension><reference><reference value="StructureDefinition/Ocupaciones"/></reference><name value="Aspectos Laborales"/><description value="Perfil de observaciones asociado a los aspectos laborales  de un paciente"/><isExample value="false"/><groupingId value="-str-profile"/></resource><resource><extension url="http://hl7.org/fhir/StructureDefinition/implementationguide-page"><valueUri value="ValueSet-VSEspecialidadMedica.html"/></extension><reference><reference value="ValueSet/VSEspecialidadMedica"/></reference><name value="Codigos de especialidades médicas"/><description value="Códigos de especialidades médicas"/><isExample value="false"/><groupingId value="-term-valueset"/></resource><resource><extension url="http://hl7.org/fhir/StructureDefinition/implementationguide-page"><valueUri value="SearchParameter-complejidad.html"/></extension><reference><reference value="SearchParameter/complejidad"/></reference><name value="complejidad"/><description value="Retorna las Unidades Clinicas HLF que tienen la complejidad indicada"/><isExample value="false"/><groupingId value="-dyn-searchparameter"/></resource><resource><extension url="http://hl7.org/fhir/StructureDefinition/implementationguide-page"><valueUri value="StructureDefinition-complejidad-cama.html"/></extension><reference><reference value="StructureDefinition/complejidad-cama"/></reference><name value="Complejidad Cama"/><description value="Extensión para complejidad de la cama"/><isExample value="false"/><groupingId value="-str-extension"/></resource><resource><extension url="http://hl7.org/fhir/StructureDefinition/implementationguide-page"><valueUri value="ValueSet-VSComplejidadCama.html"/></extension><reference><reference value="ValueSet/VSComplejidadCama"/></reference><name value="Complejidad Cama"/><description value="Códigos para identificar la complejidad de una cama HLF"/><isExample value="false"/><groupingId value="-term-valueset"/></resource><resource><extension url="http://hl7.org/fhir/StructureDefinition/implementationguide-page"><valueUri value="CodeSystem-CSComplejidadCama.html"/></extension><reference><reference value="CodeSystem/CSComplejidadCama"/></reference><name value="Complejidad cama"/><description value="Códigos para identificar la complejidad de una cama HLF"/><isExample value="false"/><groupingId value="-term-codesystem"/></resource><resource><extension url="http://hl7.org/fhir/StructureDefinition/implementationguide-page"><valueUri value="StructureDefinition-complejidad-unidad.html"/></extension><reference><reference value="StructureDefinition/complejidad-unidad"/></reference><name value="Complejidad Unidad Clinica HLF"/><description value="Extensión para indicar la complejidad de la Unidad Clinica HLF"/><isExample value="false"/><groupingId value="-str-extension"/></resource><resource><extension url="http://hl7.org/fhir/StructureDefinition/implementationguide-page"><valueUri value="CodeSystem-CSCodigoDNI.html"/></extension><reference><reference value="CodeSystem/CSCodigoDNI"/></reference><name value="Códigos de Documentos DNI para LATAM y el Caribe"/><description value="Códigos para los DNI de países de America Latina y el Caribe según indicaciones de VS HL7 de V3"/><isExample value="false"/><groupingId value="-term-codesystem"/></resource><resource><extension url="http://hl7.org/fhir/StructureDefinition/implementationguide-page"><valueUri value="CodeSystem-CSEspecialidadMedica.html"/></extension><reference><reference value="CodeSystem/CSEspecialidadMedica"/></reference><name value="Códigos de Especialidad Médica"/><description value="Códigos de Especialidad Médica utilizados por HLF"/><isExample value="false"/><groupingId value="-term-codesystem"/></resource><resource><extension url="http://hl7.org/fhir/StructureDefinition/implementationguide-page"><valueUri value="CodeSystem-CSIdentidadGenero.html"/></extension><reference><reference value="CodeSystem/CSIdentidadGenero"/></reference><name value="Códigos para Identidad de Género"/><description value="Códigos para Identidad de Género DEIS"/><isExample value="false"/><groupingId value="-term-codesystem"/></resource><resource><extension url="http://hl7.org/fhir/StructureDefinition/implementationguide-page"><valueUri value="ValueSet-VSSexoBiologico.html"/></extension><reference><reference value="ValueSet/VSSexoBiologico"/></reference><name value="Códigos para sexo biológico en Chile"/><description value="Códigos para sexo biológico en Chile según tabla 820."/><isExample value="false"/><groupingId value="-term-valueset"/></resource><resource><extension url="http://hl7.org/fhir/StructureDefinition/implementationguide-page"><valueUri value="CodeSystem-CSSexoBiologico.html"/></extension><reference><reference value="CodeSystem/CSSexoBiologico"/></reference><name value="Códigos para Sexo de Nacimiento de Paciente"/><description value="Codigos definidos para el sexo de nacimiento de un paciente en Chile"/><isExample value="false"/><groupingId value="-term-codesystem"/></resource><resource><extension url="http://hl7.org/fhir/StructureDefinition/implementationguide-page"><valueUri value="ValueSet-VSDiagnosticoCie10.html"/></extension><reference><reference value="ValueSet/VSDiagnosticoCie10"/></reference><name value="Diagnostico o Condición Mórbida de paciente"/><description value="Definición de diagnóstico o condición mórbida del paciente, definido en CIE-10"/><isExample value="false"/><groupingId value="-term-valueset"/></resource><resource><extension url="http://hl7.org/fhir/StructureDefinition/implementationguide-page"><valueUri value="StructureDefinition-DiagnosticoCondHLf.html"/></extension><reference><reference value="StructureDefinition/DiagnosticoCondHLf"/></reference><name value="DiagnosticoCondHLf"/><description value="Perfil para Diagnósticos y Condiciones Mórbidas del Paciente"/><isExample value="false"/><groupingId value="-str-profile"/></resource><resource><extension url="http://hl7.org/fhir/StructureDefinition/implementationguide-page"><valueUri value="CodeSystem-CSEstadoCivil.html"/></extension><reference><reference value="CodeSystem/CSEstadoCivil"/></reference><name value="Estado Civil"/><description value="El estado civil es la situación de un individuo en la sociedad, que deriva principalmente de sus relaciones de familia, y que lo habilita para ejercer derechos y contraer obligaciones civiles."/><isExample value="false"/><groupingId value="-term-codesystem"/></resource><resource><extension url="http://hl7.org/fhir/StructureDefinition/implementationguide-page"><valueUri value="StructureDefinition-PueblosIndigenas.html"/></extension><reference><reference value="StructureDefinition/PueblosIndigenas"/></reference><name value="Extensión de Pueblos Indígenas u Origenarios"/><description value="Se reconoce como pueblos indígenas u originarios en Chile a: mapuche, aymara, Rapanui, lickanantay, quechuas, colla, diaguitas, kawésqar, yagán y chango."/><isExample value="false"/><groupingId value="-str-extension"/></resource><resource><extension url="http://hl7.org/fhir/StructureDefinition/implementationguide-page"><valueUri value="StructureDefinition-unidad-pediatrica.html"/></extension><reference><reference value="StructureDefinition/unidad-pediatrica"/></reference><name value="Extensión para indicar si la Unidad Clinica HLF es pediatrica"/><description value="Extensión que contiene un booleano que indica si la Unidad Clinica HLF es pediatrica"/><isExample value="false"/><groupingId value="-str-extension"/></resource><resource><extension url="http://hl7.org/fhir/StructureDefinition/implementationguide-page"><valueUri value="StructureDefinition-ReligionesCultos.html"/></extension><reference><reference value="StructureDefinition/ReligionesCultos"/></reference><name value="Extensión que define Religion o Culto"/><description value="Información sobre la Religión o Credo declarada por el paciente"/><isExample value="false"/><groupingId value="-str-extension"/></resource><resource><extension url="http://hl7.org/fhir/StructureDefinition/implementationguide-page"><valueUri value="StructureDefinition-IdentidadGenero.html"/></extension><reference><reference value="StructureDefinition/IdentidadGenero"/></reference><name value="Identidad de Género"/><description value="Extensión para dato es de autoidentificación, por lo tanto, es una información que la persona entrega y el modelo de atención debe garantizar las condiciones y los mecanismos de privacidad y confidencialidad a través de un protocolo de aplicación local"/><isExample value="false"/><groupingId value="-str-extension"/></resource><resource><extension url="http://hl7.org/fhir/StructureDefinition/implementationguide-page"><valueUri value="ValueSet-VSIdentidadGenero.html"/></extension><reference><reference value="ValueSet/VSIdentidadGenero"/></reference><name value="Identidad de Género"/><description value="Códigos para Identidad de Género DEIS"/><isExample value="false"/><groupingId value="-term-valueset"/></resource><resource><extension url="http://hl7.org/fhir/StructureDefinition/implementationguide-page"><valueUri value="SearchParameter-is-pediatrica.html"/></extension><reference><reference value="SearchParameter/is-pediatrica"/></reference><name value="is-pediatrica"/><description value="Retorna las Unidades Clinicas HLF que son pediatricas"/><isExample value="false"/><groupingId value="-dyn-searchparameter"/></resource><resource><extension url="http://hl7.org/fhir/StructureDefinition/implementationguide-page"><valueUri value="StructureDefinition-motivo-solicitud-hospitalizacion.html"/></extension><reference><reference value="StructureDefinition/motivo-solicitud-hospitalizacion"/></reference><name value="Motivo Solicitud Hospitalización"/><description value="Extensión para motivo de solicitud de hospitalización"/><isExample value="false"/><groupingId value="-str-extension"/></resource><resource><extension url="http://hl7.org/fhir/StructureDefinition/implementationguide-page"><valueUri value="ValueSet-VSMotivoSolicitudHosp.html"/></extension><reference><reference value="ValueSet/VSMotivoSolicitudHosp"/></reference><name value="Motivo Solicitud Hospitalización"/><description value="ValueSet para el motivo de solicitud de hospitalización"/><isExample value="false"/><groupingId value="-term-valueset"/></resource><resource><extension url="http://hl7.org/fhir/StructureDefinition/implementationguide-page"><valueUri value="CodeSystem-CSMotivoSolicitudHosp.html"/></extension><reference><reference value="CodeSystem/CSMotivoSolicitudHosp"/></reference><name value="Motivo Solicitud Hospitalización"/><description value="Códigos para el motivo de solicitud de hospitalización"/><isExample value="false"/><groupingId value="-term-codesystem"/></resource><resource><extension url="http://hl7.org/fhir/StructureDefinition/implementationguide-page"><valueUri value="StructureDefinition-Educacion.html"/></extension><reference><reference value="StructureDefinition/Educacion"/></reference><name value="Nivel Educacional"/><description value="Perfil de observaciones asociado al nivel educacional del paciente"/><isExample value="false"/><groupingId value="-str-profile"/></resource><resource><extension url="http://hl7.org/fhir/StructureDefinition/implementationguide-page"><valueUri value="StructureDefinition-NivelInstrucion.html"/></extension><reference><reference value="StructureDefinition/NivelInstrucion"/></reference><name value="Nivel Instrucción"/><description value="El nivel de instrucción se refiere al último año aprobado en el ciclo de educación más avanzado que declare haber cursado la persona en el Sistema Educativo."/><isExample value="false"/><groupingId value="-str-extension"/></resource><resource><extension url="http://hl7.org/fhir/StructureDefinition/implementationguide-page"><valueUri value="StructureDefinition-NombreSocial.html"/></extension><reference><reference value="StructureDefinition/NombreSocial"/></reference><name value="Nombre Social de Paciente"/><description value="Esta extensión permite agregar un nombre social al paciente"/><isExample value="false"/><groupingId value="-str-extension"/></resource><resource><extension url="http://hl7.org/fhir/StructureDefinition/implementationguide-page"><valueUri value="ValueSet-VSOcupacionesDet.html"/></extension><reference><reference value="ValueSet/VSOcupacionesDet"/></reference><name value="Ocupaciones Detalladas"/><description value="Código asociados a el detalle de las ocupaciones de un paciente"/><isExample value="false"/><groupingId value="-term-valueset"/></resource><resource><extension url="http://hl7.org/fhir/StructureDefinition/implementationguide-page"><valueUri value="CodeSystem-CSOcupacionesDet.html"/></extension><reference><reference value="CodeSystem/CSOcupacionesDet"/></reference><name value="Ocupaciones Detalladas"/><description value="Código asociados a el detalle de las ocupaciones de un paciente"/><isExample value="false"/><groupingId value="-term-codesystem"/></resource><resource><extension url="http://hl7.org/fhir/StructureDefinition/implementationguide-page"><valueUri value="CodeSystem-CSOcupaciones.html"/></extension><reference><reference value="CodeSystem/CSOcupaciones"/></reference><name value="Ocupaciones Paciente"/><description value="Código asociados a la Ocupación del paciente"/><isExample value="false"/><groupingId value="-term-codesystem"/></resource><resource><extension url="http://hl7.org/fhir/StructureDefinition/implementationguide-page"><valueUri value="StructureDefinition-PacienteHLF.html"/></extension><reference><reference value="StructureDefinition/PacienteHLF"/></reference><name value="PacienteHLF"/><description value="Perfil de Paciente definido por HLF"/><isExample value="false"/><groupingId value="-str-profile"/></resource><resource><extension url="http://hl7.org/fhir/StructureDefinition/implementationguide-page"><valueUri value="StructureDefinition-ObsPesoPediatrico.html"/></extension><reference><reference value="StructureDefinition/ObsPesoPediatrico"/></reference><name value="Peso medido al momento de nacer"/><description value="Perfil de observaciones de recién nacidos"/><isExample value="false"/><groupingId value="-str-profile"/></resource><resource><extension url="http://hl7.org/fhir/StructureDefinition/implementationguide-page"><valueUri value="ValueSet-VSPrecaucionesHospitalizacion.html"/></extension><reference><reference value="ValueSet/VSPrecaucionesHospitalizacion"/></reference><name value="Precauciones Hospitalización"/><description value="ValueSet para el tipo de precauciones de hospitalización que se deben tomar para un paciente"/><isExample value="false"/><groupingId value="-term-valueset"/></resource><resource><extension url="http://hl7.org/fhir/StructureDefinition/implementationguide-page"><valueUri value="CodeSystem-CSPrecaucionesHospitalizacion.html"/></extension><reference><reference value="CodeSystem/CSPrecaucionesHospitalizacion"/></reference><name value="Precauciones Hospitalización"/><description value="Opciones del tipo de precauciones de hospitalización que se deben tomar para un paciente"/><isExample value="false"/><groupingId value="-term-codesystem"/></resource><resource><extension url="http://hl7.org/fhir/StructureDefinition/implementationguide-page"><valueUri value="StructureDefinition-precauciones-solicitud-hospitalizacion.html"/></extension><reference><reference value="StructureDefinition/precauciones-solicitud-hospitalizacion"/></reference><name value="Precauciones Solicitud Hospitalización"/><description value="Extensión para motivo de solicitud de hospitalización"/><isExample value="false"/><groupingId value="-str-extension"/></resource><resource><extension url="http://hl7.org/fhir/StructureDefinition/implementationguide-page"><valueUri value="StructureDefinition-Prevision.html"/></extension><reference><reference value="StructureDefinition/Prevision"/></reference><name value="Prevision"/><description value="Perfil para la determinación de previsiones en Chile"/><isExample value="false"/><groupingId value="-str-profile"/></resource><resource><extension url="http://hl7.org/fhir/StructureDefinition/implementationguide-page"><valueUri value="ValueSet-VSPrevision.html"/></extension><reference><reference value="ValueSet/VSPrevision"/></reference><name value="Prevision del Paciente"/><description value="Tipos de previsión declaradas en Chile"/><isExample value="false"/><groupingId value="-term-valueset"/></resource><resource><extension url="http://hl7.org/fhir/StructureDefinition/implementationguide-page"><valueUri value="CodeSystem-CSPrevision.html"/></extension><reference><reference value="CodeSystem/CSPrevision"/></reference><name value="Prevision del Paciente"/><description value="Tipos de previsión declaradas en Chile"/><isExample value="false"/><groupingId value="-term-codesystem"/></resource><resource><extension url="http://hl7.org/fhir/StructureDefinition/implementationguide-page"><valueUri value="ValueSet-VSPuebloIndigena.html"/></extension><reference><reference value="ValueSet/VSPuebloIndigena"/></reference><name value="Pueblo Indígena u Originarioi"/><description value="Los Pueblos Indígenas u Originarios en Chile, son los descendientes de las agrupaciones humanas que existen en el territorio nacional desde tiempos precolombinos"/><isExample value="false"/><groupingId value="-term-valueset"/></resource><resource><extension url="http://hl7.org/fhir/StructureDefinition/implementationguide-page"><valueUri value="CodeSystem-CSPuebloIndigena.html"/></extension><reference><reference value="CodeSystem/CSPuebloIndigena"/></reference><name value="Pueblo Indígena u Originarioi"/><description value="Los Pueblos Indígenas u Originarios en Chile, son los descendientes de las agrupaciones humanas que existen en el territorio nacional desde tiempos precolombinos"/><isExample value="false"/><groupingId value="-term-codesystem"/></resource><resource><extension url="http://hl7.org/fhir/StructureDefinition/implementationguide-page"><valueUri value="StructureDefinition-registro-atencion.html"/></extension><reference><reference value="StructureDefinition/registro-atencion"/></reference><name value="Registro Atencion"/><description value="Perfil del recurso Encounter para el registro de atenciones de salud"/><isExample value="false"/><groupingId value="-str-profile"/></resource><resource><extension url="http://hl7.org/fhir/StructureDefinition/implementationguide-page"><valueUri value="ValueSet-VSReligion.html"/></extension><reference><reference value="ValueSet/VSReligion"/></reference><name value="Religiones o Cultos"/><description value="Códigos de Religiones o Cultos declarados"/><isExample value="false"/><groupingId value="-term-valueset"/></resource><resource><extension url="http://hl7.org/fhir/StructureDefinition/implementationguide-page"><valueUri value="CodeSystem-CSReligion.html"/></extension><reference><reference value="CodeSystem/CSReligion"/></reference><name value="Religiones o Cultos"/><description value="Códigos de Religiones o Cultos declarados"/><isExample value="false"/><groupingId value="-term-codesystem"/></resource><resource><extension url="http://hl7.org/fhir/StructureDefinition/implementationguide-page"><valueUri value="StructureDefinition-SegundoApellido.html"/></extension><reference><reference value="StructureDefinition/SegundoApellido"/></reference><name value="Segundo Apellido"/><description value="Segundo Apellido"/><isExample value="false"/><groupingId value="-str-extension"/></resource><resource><extension url="http://hl7.org/fhir/StructureDefinition/implementationguide-page"><valueUri value="StructureDefinition-SexoNacimiento820.html"/></extension><reference><reference value="StructureDefinition/SexoNacimiento820"/></reference><name value="Sexo biológico al nacer"/><description value="Extensión de Sexdo biológico al nacer para Chile"/><isExample value="false"/><groupingId value="-str-extension"/></resource><resource><extension url="http://hl7.org/fhir/StructureDefinition/implementationguide-page"><valueUri value="StructureDefinition-SexoReg.html"/></extension><reference><reference value="StructureDefinition/SexoReg"/></reference><name value="Sexo Registral"/><description value="Extensión para dato es de del sexo registrado oficialmente por el/la paciente"/><isExample value="false"/><groupingId value="-str-extension"/></resource><resource><extension url="http://hl7.org/fhir/StructureDefinition/implementationguide-page"><valueUri value="StructureDefinition-solicitud-hospitalizacion.html"/></extension><reference><reference value="StructureDefinition/solicitud-hospitalizacion"/></reference><name value="Solicitud Hospitalización"/><description value="Perfil del recurso ServiceRequest para realizar una solicitud de hospitalización en HLF"/><isExample value="false"/><groupingId value="-str-profile"/></resource><resource><extension url="http://hl7.org/fhir/StructureDefinition/implementationguide-page"><valueUri value="ValueSet-VSTiposDocumentos.html"/></extension><reference><reference value="ValueSet/VSTiposDocumentos"/></reference><name value="Tipos de Documentos"/><description value="Tipos de Documentos para identificación según tabla HL7 V3 y CodeSystem local."/><isExample value="false"/><groupingId value="-term-valueset"/></resource><resource><extension url="http://hl7.org/fhir/StructureDefinition/implementationguide-page"><valueUri value="ValueSet-VSUCursoAprobado.html"/></extension><reference><reference value="ValueSet/VSUCursoAprobado"/></reference><name value="Ultimo Curso Aprobado"/><description value="Categoría del último curso aprobado"/><isExample value="false"/><groupingId value="-term-valueset"/></resource><resource><extension url="http://hl7.org/fhir/StructureDefinition/implementationguide-page"><valueUri value="CodeSystem-CSUCursoAprobado.html"/></extension><reference><reference value="CodeSystem/CSUCursoAprobado"/></reference><name value="Ultimo Curso Aprobado"/><description value="Categoría del último curso aprobado"/><isExample value="false"/><groupingId value="-term-codesystem"/></resource><resource><extension url="http://hl7.org/fhir/StructureDefinition/implementationguide-page"><valueUri value="ValueSet-VSUNivelAprob.html"/></extension><reference><reference value="ValueSet/VSUNivelAprob"/></reference><name value="Ultimo nivel aprobado"/><description value="Código del último nivel aprobado"/><isExample value="false"/><groupingId value="-term-valueset"/></resource><resource><extension url="http://hl7.org/fhir/StructureDefinition/implementationguide-page"><valueUri value="ValueSet-VSOcupaciones.html"/></extension><reference><reference value="ValueSet/VSOcupaciones"/></reference><name value="Ultimo nivel aprobado"/><description value="Código del último nivel aprobado"/><isExample value="false"/><groupingId value="-term-valueset"/></resource><resource><extension url="http://hl7.org/fhir/StructureDefinition/implementationguide-page"><valueUri value="CodeSystem-CSUNivelAprob.html"/></extension><reference><reference value="CodeSystem/CSUNivelAprob"/></reference><name value="Ultimo nivel aprobado"/><description value="Código del último nivel aprobado"/><isExample value="false"/><groupingId value="-term-codesystem"/></resource><resource><extension url="http://hl7.org/fhir/StructureDefinition/implementationguide-page"><valueUri value="StructureDefinition-unidad-clinica-hlf.html"/></extension><reference><reference value="StructureDefinition/unidad-clinica-hlf"/></reference><name value="Unidad Clinica HLF"/><description value="Perfil del recurso HealthcareService que representa a la Unidad Clinica HLF"/><isExample value="false"/><groupingId value="-str-profile"/></resource><resource><extension url="http://hl7.org/fhir/StructureDefinition/implementationguide-page"><valueUri value="StructureDefinition-unidad-clinica-origen.html"/></extension><reference><reference value="StructureDefinition/unidad-clinica-origen"/></reference><name value="Unidad Clínica Origen"/><description value="Extensión para indicar la referencia a la unidad clínica origen de la hospitalización"/><isExample value="false"/><groupingId value="-str-extension"/></resource><page><sourceUrl value="toc.html"/><name value="toc.html"/><title value="Table of Contents"/><generation value="html"/><page><sourceUrl value="index.html"/><name value="index.html"/><title value="Home"/><generation value="markdown"/></page><page><sourceUrl value="proceso-hospitalizacion.html"/><name value="proceso-hospitalizacion.html"/><title value="Proceso de Hospitalización"/><generation value="markdown"/></page><page><sourceUrl value="registro-atencion.html"/><name value="registro-atencion.html"/><title value="Registro de Atención"/><generation value="markdown"/></page><page><sourceUrl value="solicitud-hospitalizacion.html"/><name value="solicitud-hospitalizacion.html"/><title value="Solicitud de Hospitalización"/><generation value="markdown"/></page><page><sourceUrl value="artifacts.html"/><name value="artifacts.html"/><title value="Artifacts Summary"/><generation value="html"/><page><sourceUrl value="SearchParameter-complejidad.html"/><name value="SearchParameter-complejidad.html"/><title value="complejidad"/><generation value="generated"/></page><page><sourceUrl value="SearchParameter-is-pediatrica.html"/><name value="SearchParameter-is-pediatrica.html"/><title value="is-pediatrica"/><generation value="generated"/></page><page><sourceUrl value="StructureDefinition-Ocupaciones.html"/><name value="StructureDefinition-Ocupaciones.html"/><title value="Aspectos Laborales"/><generation value="generated"/></page><page><sourceUrl value="StructureDefinition-DiagnosticoCondHLf.html"/><name value="StructureDefinition-DiagnosticoCondHLf.html"/><title value="DiagnosticoCondHLf"/><generation value="generated"/></page><page><sourceUrl value="StructureDefinition-Educacion.html"/><name value="StructureDefinition-Educacion.html"/><title value="Nivel Educacional"/><generation value="generated"/></page><page><sourceUrl value="StructureDefinition-PacienteHLF.html"/><name value="StructureDefinition-PacienteHLF.html"/><title value="PacienteHLF"/><generation value="generated"/></page><page><sourceUrl value="StructureDefinition-ObsPesoPediatrico.html"/><name value="StructureDefinition-ObsPesoPediatrico.html"/><title value="Peso medido al momento de nacer"/><generation value="generated"/></page><page><sourceUrl value="StructureDefinition-Prevision.html"/><name value="StructureDefinition-Prevision.html"/><title value="Prevision"/><generation value="generated"/></page><page><sourceUrl value="StructureDefinition-registro-atencion.html"/><name value="StructureDefinition-registro-atencion.html"/><title value="Registro Atencion"/><generation value="generated"/></page><page><sourceUrl value="StructureDefinition-solicitud-hospitalizacion.html"/><name value="StructureDefinition-solicitud-hospitalizacion.html"/><title value="Solicitud Hospitalización"/><generation value="generated"/></page><page><sourceUrl value="StructureDefinition-unidad-clinica-hlf.html"/><name value="StructureDefinition-unidad-clinica-hlf.html"/><title value="Unidad Clinica HLF"/><generation value="generated"/></page><page><sourceUrl value="StructureDefinition-complejidad-cama.html"/><name value="StructureDefinition-complejidad-cama.html"/><title value="Complejidad Cama"/><generation value="generated"/></page><page><sourceUrl value="StructureDefinition-complejidad-unidad.html"/><name value="StructureDefinition-complejidad-unidad.html"/><title value="Complejidad Unidad Clinica HLF"/><generation value="generated"/></page><page><sourceUrl value="StructureDefinition-PueblosIndigenas.html"/><name value="StructureDefinition-PueblosIndigenas.html"/><title value="Extensión de Pueblos Indígenas u Origenarios"/><generation value="generated"/></page><page><sourceUrl value="StructureDefinition-unidad-pediatrica.html"/><name value="StructureDefinition-unidad-pediatrica.html"/><title value="Extensión para indicar si la Unidad Clinica HLF es pediatrica"/><generation value="generated"/></page><page><sourceUrl value="StructureDefinition-ReligionesCultos.html"/><name value="StructureDefinition-ReligionesCultos.html"/><title value="Extensión que define Religion o Culto"/><generation value="generated"/></page><page><sourceUrl value="StructureDefinition-IdentidadGenero.html"/><name value="StructureDefinition-IdentidadGenero.html"/><title value="Identidad de Género"/><generation value="generated"/></page><page><sourceUrl value="StructureDefinition-motivo-solicitud-hospitalizacion.html"/><name value="StructureDefinition-motivo-solicitud-hospitalizacion.html"/><title value="Motivo Solicitud Hospitalización"/><generation value="generated"/></page><page><sourceUrl value="StructureDefinition-NivelInstrucion.html"/><name value="StructureDefinition-NivelInstrucion.html"/><title value="Nivel Instrucción"/><generation value="generated"/></page><page><sourceUrl value="StructureDefinition-NombreSocial.html"/><name value="StructureDefinition-NombreSocial.html"/><title value="Nombre Social de Paciente"/><generation value="generated"/></page><page><sourceUrl value="StructureDefinition-precauciones-solicitud-hospitalizacion.html"/><name value="StructureDefinition-precauciones-solicitud-hospitalizacion.html"/><title value="Precauciones Solicitud Hospitalización"/><generation value="generated"/></page><page><sourceUrl value="StructureDefinition-SegundoApellido.html"/><name value="StructureDefinition-SegundoApellido.html"/><title value="Segundo Apellido"/><generation value="generated"/></page><page><sourceUrl value="StructureDefinition-SexoNacimiento820.html"/><name value="StructureDefinition-SexoNacimiento820.html"/><title value="Sexo biológico al nacer"/><generation value="generated"/></page><page><sourceUrl value="StructureDefinition-SexoReg.html"/><name value="StructureDefinition-SexoReg.html"/><title value="Sexo Registral"/><generation value="generated"/></page><page><sourceUrl value="StructureDefinition-unidad-clinica-origen.html"/><name value="StructureDefinition-unidad-clinica-origen.html"/><title value="Unidad Clínica Origen"/><generation value="generated"/></page><page><sourceUrl value="ValueSet-VSEspecialidadMedica.html"/><name value="ValueSet-VSEspecialidadMedica.html"/><title value="Codigos de especialidades médicas"/><generation value="generated"/></page><page><sourceUrl value="ValueSet-VSComplejidadCama.html"/><name value="ValueSet-VSComplejidadCama.html"/><title value="Complejidad Cama"/><generation value="generated"/></page><page><sourceUrl value="ValueSet-VSSexoBiologico.html"/><name value="ValueSet-VSSexoBiologico.html"/><title value="Códigos para sexo biológico en Chile"/><generation value="generated"/></page><page><sourceUrl value="ValueSet-VSDiagnosticoCie10.html"/><name value="ValueSet-VSDiagnosticoCie10.html"/><title value="Diagnostico o Condición Mórbida de paciente"/><generation value="generated"/></page><page><sourceUrl value="ValueSet-VSIdentidadGenero.html"/><name value="ValueSet-VSIdentidadGenero.html"/><title value="Identidad de Género"/><generation value="generated"/></page><page><sourceUrl value="ValueSet-VSMotivoSolicitudHosp.html"/><name value="ValueSet-VSMotivoSolicitudHosp.html"/><title value="Motivo Solicitud Hospitalización"/><generation value="generated"/></page><page><sourceUrl value="ValueSet-VSOcupacionesDet.html"/><name value="ValueSet-VSOcupacionesDet.html"/><title value="Ocupaciones Detalladas"/><generation value="generated"/></page><page><sourceUrl value="ValueSet-VSPrecaucionesHospitalizacion.html"/><name value="ValueSet-VSPrecaucionesHospitalizacion.html"/><title value="Precauciones Hospitalización"/><generation value="generated"/></page><page><sourceUrl value="ValueSet-VSPrevision.html"/><name value="ValueSet-VSPrevision.html"/><title value="Prevision del Paciente"/><generation value="generated"/></page><page><sourceUrl value="ValueSet-VSPuebloIndigena.html"/><name value="ValueSet-VSPuebloIndigena.html"/><title value="Pueblo Indígena u Originarioi"/><generation value="generated"/></page><page><sourceUrl value="ValueSet-VSReligion.html"/><name value="ValueSet-VSReligion.html"/><title value="Religiones o Cultos"/><generation value="generated"/></page><page><sourceUrl value="ValueSet-VSTiposDocumentos.html"/><name value="ValueSet-VSTiposDocumentos.html"/><title value="Tipos de Documentos"/><generation value="generated"/></page><page><sourceUrl value="ValueSet-VSUCursoAprobado.html"/><name value="ValueSet-VSUCursoAprobado.html"/><title value="Ultimo Curso Aprobado"/><generation value="generated"/></page><page><sourceUrl value="ValueSet-VSUNivelAprob.html"/><name value="ValueSet-VSUNivelAprob.html"/><title value="Ultimo nivel aprobado"/><generation value="generated"/></page><page><sourceUrl value="ValueSet-VSOcupaciones.html"/><name value="ValueSet-VSOcupaciones.html"/><title value="Ultimo nivel aprobado"/><generation value="generated"/></page><page><sourceUrl value="CodeSystem-CSComplejidadCama.html"/><name value="CodeSystem-CSComplejidadCama.html"/><title value="Complejidad cama"/><generation value="generated"/></page><page><sourceUrl value="CodeSystem-CSCodigoDNI.html"/><name value="CodeSystem-CSCodigoDNI.html"/><title value="Códigos de Documentos DNI para LATAM y el Caribe"/><generation value="generated"/></page><page><sourceUrl value="CodeSystem-CSEspecialidadMedica.html"/><name value="CodeSystem-CSEspecialidadMedica.html"/><title value="Códigos de Especialidad Médica"/><generation value="generated"/></page><page><sourceUrl value="CodeSystem-CSIdentidadGenero.html"/><name value="CodeSystem-CSIdentidadGenero.html"/><title value="Códigos para Identidad de Género"/><generation value="generated"/></page><page><sourceUrl value="CodeSystem-CSSexoBiologico.html"/><name value="CodeSystem-CSSexoBiologico.html"/><title value="Códigos para Sexo de Nacimiento de Paciente"/><generation value="generated"/></page><page><sourceUrl value="CodeSystem-CSEstadoCivil.html"/><name value="CodeSystem-CSEstadoCivil.html"/><title value="Estado Civil"/><generation value="generated"/></page><page><sourceUrl value="CodeSystem-CSMotivoSolicitudHosp.html"/><name value="CodeSystem-CSMotivoSolicitudHosp.html"/><title value="Motivo Solicitud Hospitalización"/><generation value="generated"/></page><page><sourceUrl value="CodeSystem-CSOcupacionesDet.html"/><name value="CodeSystem-CSOcupacionesDet.html"/><title value="Ocupaciones Detalladas"/><generation value="generated"/></page><page><sourceUrl value="CodeSystem-CSOcupaciones.html"/><name value="CodeSystem-CSOcupaciones.html"/><title value="Ocupaciones Paciente"/><generation value="generated"/></page><page><sourceUrl value="CodeSystem-CSPrecaucionesHospitalizacion.html"/><name value="CodeSystem-CSPrecaucionesHospitalizacion.html"/><title value="Precauciones Hospitalización"/><generation value="generated"/></page><page><sourceUrl value="CodeSystem-CSPrevision.html"/><name value="CodeSystem-CSPrevision.html"/><title value="Prevision del Paciente"/><generation value="generated"/></page><page><sourceUrl value="CodeSystem-CSPuebloIndigena.html"/><name value="CodeSystem-CSPuebloIndigena.html"/><title value="Pueblo Indígena u Originarioi"/><generation value="generated"/></page><page><sourceUrl value="CodeSystem-CSReligion.html"/><name value="CodeSystem-CSReligion.html"/><title value="Religiones o Cultos"/><generation value="generated"/></page><page><sourceUrl value="CodeSystem-CSUCursoAprobado.html"/><name value="CodeSystem-CSUCursoAprobado.html"/><title value="Ultimo Curso Aprobado"/><generation value="generated"/></page><page><sourceUrl value="CodeSystem-CSUNivelAprob.html"/><name value="CodeSystem-CSUNivelAprob.html"/><title value="Ultimo nivel aprobado"/><generation value="generated"/></page></page></page><parameter><code><system value="http://hl7.org/fhir/guide-parameter-code"/><code value="path-resource"/></code><value value="input/capabilities"/></parameter><parameter><code><system value="http://hl7.org/fhir/guide-parameter-code"/><code value="path-resource"/></code><value value="input/examples"/></parameter><parameter><code><system value="http://hl7.org/fhir/guide-parameter-code"/><code value="path-resource"/></code><value value="input/extensions"/></parameter><parameter><code><system value="http://hl7.org/fhir/guide-parameter-code"/><code value="path-resource"/></code><value value="input/models"/></parameter><parameter><code><system value="http://hl7.org/fhir/guide-parameter-code"/><code value="path-resource"/></code><value value="input/operations"/></parameter><parameter><code><system value="http://hl7.org/fhir/guide-parameter-code"/><code value="path-resource"/></code><value value="input/profiles"/></parameter><parameter><code><system value="http://hl7.org/fhir/guide-parameter-code"/><code value="path-resource"/></code><value value="input/resources"/></parameter><parameter><code><system value="http://hl7.org/fhir/guide-parameter-code"/><code value="path-resource"/></code><value value="input/vocabulary"/></parameter><parameter><code><system value="http://hl7.org/fhir/guide-parameter-code"/><code value="path-resource"/></code><value value="input/maps"/></parameter><parameter><code><system value="http://hl7.org/fhir/guide-parameter-code"/><code value="path-resource"/></code><value value="input/testing"/></parameter><parameter><code><system value="http://hl7.org/fhir/guide-parameter-code"/><code value="path-resource"/></code><value value="input/history"/></parameter><parameter><code><system value="http://hl7.org/fhir/guide-parameter-code"/><code value="path-resource"/></code><value value="fsh-generated/resources"/></parameter><parameter><code><system value="http://hl7.org/fhir/guide-parameter-code"/><code value="path-pages"/></code><value value="template/config"/></parameter><parameter><code><system value="http://hl7.org/fhir/guide-parameter-code"/><code value="path-pages"/></code><value value="input/images"/></parameter><parameter><code><system value="http://hl7.org/fhir/guide-parameter-code"/><code value="path-tx-cache"/></code><value value="input-cache/txcache"/></parameter><parameter><code><system value="http://hl7.org/fhir/tools/CodeSystem/ig-parameters"/><code value="copyrightyear"/></code><value value="2023+"/></parameter><parameter><code><system value="http://hl7.org/fhir/tools/CodeSystem/ig-parameters"/><code value="releaselabel"/></code><value value="ci-build"/></parameter><parameter><code><system value="http://hl7.org/fhir/tools/CodeSystem/ig-parameters"/><code value="display-warnings"/></code><value value="true"/></parameter><parameter><code><system value="http://hl7.org/fhir/tools/CodeSystem/ig-parameters"/><code value="autoload-resources"/></code><value value="true"/></parameter><parameter><code><system value="http://hl7.org/fhir/tools/CodeSystem/ig-parameters"/><code value="path-liquid"/></code><value value="template/liquid"/></parameter><parameter><code><system value="http://hl7.org/fhir/tools/CodeSystem/ig-parameters"/><code value="path-liquid"/></code><value value="input/liquid"/></parameter><parameter><code><system value="http://hl7.org/fhir/tools/CodeSystem/ig-parameters"/><code value="path-qa"/></code><value value="temp/qa"/></parameter><parameter><code><system value="http://hl7.org/fhir/tools/CodeSystem/ig-parameters"/><code value="path-temp"/></code><value value="temp/pages"/></parameter><parameter><code><system value="http://hl7.org/fhir/tools/CodeSystem/ig-parameters"/><code value="path-output"/></code><value value="output"/></parameter><parameter><code><system value="http://hl7.org/fhir/tools/CodeSystem/ig-parameters"/><code value="path-suppressed-warnings"/></code><value value="input/ignoreWarnings.txt"/></parameter><parameter><code><system value="http://hl7.org/fhir/tools/CodeSystem/ig-parameters"/><code value="path-history"/></code><value value="https://hospitallaflorida.cl/fhir/hlfhosp/history.html"/></parameter><parameter><code><system value="http://hl7.org/fhir/tools/CodeSystem/ig-parameters"/><code value="template-html"/></code><value value="template-page.html"/></parameter><parameter><code><system value="http://hl7.org/fhir/tools/CodeSystem/ig-parameters"/><code value="template-md"/></code><value value="template-page-md.html"/></parameter><parameter><code><system value="http://hl7.org/fhir/tools/CodeSystem/ig-parameters"/><code value="apply-contact"/></code><value value="true"/></parameter><parameter><code><system value="http://hl7.org/fhir/tools/CodeSystem/ig-parameters"/><code value="apply-context"/></code><value value="true"/></parameter><parameter><code><system value="http://hl7.org/fhir/tools/CodeSystem/ig-parameters"/><code value="apply-copyright"/></code><value value="true"/></parameter><parameter><code><system value="http://hl7.org/fhir/tools/CodeSystem/ig-parameters"/><code value="apply-jurisdiction"/></code><value value="true"/></parameter><parameter><code><system value="http://hl7.org/fhir/tools/CodeSystem/ig-parameters"/><code value="apply-license"/></code><value value="true"/></parameter><parameter><code><system value="http://hl7.org/fhir/tools/CodeSystem/ig-parameters"/><code value="apply-publisher"/></code><value value="true"/></parameter><parameter><code><system value="http://hl7.org/fhir/tools/CodeSystem/ig-parameters"/><code value="apply-version"/></code><value value="true"/></parameter><parameter><code><system value="http://hl7.org/fhir/tools/CodeSystem/ig-parameters"/><code value="active-tables"/></code><value value="true"/></parameter><parameter><code><system value="http://hl7.org/fhir/tools/CodeSystem/ig-parameters"/><code value="fmm-definition"/></code><value value="http://hl7.org/fhir/versions.html#maturity"/></parameter><parameter><code><system value="http://hl7.org/fhir/tools/CodeSystem/ig-parameters"/><code value="propagate-status"/></code><value value="true"/></parameter><parameter><code><system value="http://hl7.org/fhir/tools/CodeSystem/ig-parameters"/><code value="excludelogbinaryformat"/></code><value value="true"/></parameter><parameter><code><system value="http://hl7.org/fhir/tools/CodeSystem/ig-parameters"/><code value="tabbed-snapshots"/></code><value value="true"/></parameter><parameter><code><system value="http://hl7.org/fhir/tools/CodeSystem/ig-parameters"/><code value="copyrightyear"/></code><value value="2023+"/></parameter><parameter><code><system value="http://hl7.org/fhir/tools/CodeSystem/ig-parameters"/><code value="releaselabel"/></code><value value="ci-build"/></parameter><parameter><code><system value="http://hl7.org/fhir/tools/CodeSystem/ig-parameters"/><code value="display-warnings"/></code><value value="true"/></parameter><parameter><code><system value="http://hl7.org/fhir/tools/CodeSystem/ig-parameters"/><code value="autoload-resources"/></code><value value="true"/></parameter><parameter><code><system value="http://hl7.org/fhir/tools/CodeSystem/ig-parameters"/><code value="path-liquid"/></code><value value="template/liquid"/></parameter><parameter><code><system value="http://hl7.org/fhir/tools/CodeSystem/ig-parameters"/><code value="path-liquid"/></code><value value="input/liquid"/></parameter><parameter><code><system value="http://hl7.org/fhir/tools/CodeSystem/ig-parameters"/><code value="path-qa"/></code><value value="temp/qa"/></parameter><parameter><code><system value="http://hl7.org/fhir/tools/CodeSystem/ig-parameters"/><code value="path-temp"/></code><value value="temp/pages"/></parameter><parameter><code><system value="http://hl7.org/fhir/tools/CodeSystem/ig-parameters"/><code value="path-output"/></code><value value="output"/></parameter><parameter><code><system value="http://hl7.org/fhir/tools/CodeSystem/ig-parameters"/><code value="path-suppressed-warnings"/></code><value value="input/ignoreWarnings.txt"/></parameter><parameter><code><system value="http://hl7.org/fhir/tools/CodeSystem/ig-parameters"/><code value="path-history"/></code><value value="https://hospitallaflorida.cl/fhir/hlfhosp/history.html"/></parameter><parameter><code><system value="http://hl7.org/fhir/tools/CodeSystem/ig-parameters"/><code value="template-html"/></code><value value="template-page.html"/></parameter><parameter><code><system value="http://hl7.org/fhir/tools/CodeSystem/ig-parameters"/><code value="template-md"/></code><value value="template-page-md.html"/></parameter><parameter><code><system value="http://hl7.org/fhir/tools/CodeSystem/ig-parameters"/><code value="apply-contact"/></code><value value="true"/></parameter><parameter><code><system value="http://hl7.org/fhir/tools/CodeSystem/ig-parameters"/><code value="apply-context"/></code><value value="true"/></parameter><parameter><code><system value="http://hl7.org/fhir/tools/CodeSystem/ig-parameters"/><code value="apply-copyright"/></code><value value="true"/></parameter><parameter><code><system value="http://hl7.org/fhir/tools/CodeSystem/ig-parameters"/><code value="apply-jurisdiction"/></code><value value="true"/></parameter><parameter><code><system value="http://hl7.org/fhir/tools/CodeSystem/ig-parameters"/><code value="apply-license"/></code><value value="true"/></parameter><parameter><code><system value="http://hl7.org/fhir/tools/CodeSystem/ig-parameters"/><code value="apply-publisher"/></code><value value="true"/></parameter><parameter><code><system value="http://hl7.org/fhir/tools/CodeSystem/ig-parameters"/><code value="apply-version"/></code><value value="true"/></parameter><parameter><code><system value="http://hl7.org/fhir/tools/CodeSystem/ig-parameters"/><code value="active-tables"/></code><value value="true"/></parameter><parameter><code><system value="http://hl7.org/fhir/tools/CodeSystem/ig-parameters"/><code value="fmm-definition"/></code><value value="http://hl7.org/fhir/versions.html#maturity"/></parameter><parameter><code><system value="http://hl7.org/fhir/tools/CodeSystem/ig-parameters"/><code value="propagate-status"/></code><value value="true"/></parameter><parameter><code><system value="http://hl7.org/fhir/tools/CodeSystem/ig-parameters"/><code value="excludelogbinaryformat"/></code><value value="true"/></parameter><parameter><code><system value="http://hl7.org/fhir/tools/CodeSystem/ig-parameters"/><code value="tabbed-snapshots"/></code><value value="true"/></parameter></definition></ImplementationGuide>