<?xml version="1.0" encoding="UTF-8"?><SearchParameter xmlns="http://hl7.org/fhir"><id value="Complejidad"/><text><status value="generated"/><div xmlns="http://www.w3.org/1999/xhtml"><h2>Complejidad</h2><p>Parameter <code>complejidad</code>:<code>token</code></p><div><p>Retorna las Unidades Clinicas HLF que tienen la complejidad indicada</p>
</div><table class="grid"><tr><td>Resource</td><td><a href="http://hl7.org/fhir/R5/healthcareservice.html">HealthcareService</a></td></tr><tr><td>Expression</td><td><code>HealthcareService.extension('complejidad-unidad').value.as(CodeableConcept)</code></td></tr><tr><td>Processing Mode</td><td>Normal</td></tr><tr><td>Multiples</td><td>The parameter cannot repeat or have multiple values</td></tr></table></div></text><url value="https://hospitallaflorida.cl/fhir/hlfhosp/SearchParameter/Complejidad"/><version value="0.7.0"/><name value="Complejidad"/><status value="draft"/><date value="2023-09-13T17:11:14-03:00"/><publisher value="Hospital Eloisa Diaz de la Florida"/><contact><name value="Hospital Eloisa Diaz de la Florida"/><telecom><system value="url"/><value value="https://www.hospitallaflorida.cl/"/></telecom><telecom><system value="email"/><value value="leonardo.arancibia@hospitallaflorida.cl"/></telecom></contact><description value="Retorna las Unidades Clinicas HLF que tienen la complejidad indicada"/><code value="complejidad"/><base value="HealthcareService"/><type value="token"/><expression value="HealthcareService.extension('complejidad-unidad').value.as(CodeableConcept)"/><processingMode value="normal"/></SearchParameter>