<?xml version="1.0" encoding="UTF-8"?><ValueSet xmlns="http://hl7.org/fhir"><id value="VSDireccionTipoVia"/><text><status value="generated"/><div xmlns="http://www.w3.org/1999/xhtml"><ul><li>Include all codes defined in <a href="CodeSystem-CSDireccionTipoVia.html"><code>https://hospitallaflorida.cl/fhir/hlfhosp/CodeSystem/CSDireccionTipoVia</code></a></li></ul></div></text><url value="https://hospitallaflorida.cl/fhir/hlfhosp/ValueSet/VSDireccionTipoVia"/><version value="0.7.0"/><name value="VSDireccionTipoVia"/><title value="Dirección Tipo Vía"/><status value="active"/><experimental value="false"/><date value="2023-09-13T17:11:14-03:00"/><publisher value="Hospital Eloisa Diaz de la Florida"/><contact><name value="Hospital Eloisa Diaz de la Florida"/><telecom><system value="url"/><value value="https://www.hospitallaflorida.cl/"/></telecom><telecom><system value="email"/><value value="leonardo.arancibia@hospitallaflorida.cl"/></telecom></contact><description value="ValueSet de Código de tipo de vía según norma técnica 820 'Estándares de Información de Salud' del Departamento de Estadística e Información de Salud del Ministerio de Salud de Chile"/><compose><include><system value="https://hospitallaflorida.cl/fhir/hlfhosp/CodeSystem/CSDireccionTipoVia"/></include></compose></ValueSet>