<?xml version="1.0" encoding="UTF-8"?><ValueSet xmlns="http://hl7.org/fhir"><id value="VSUCursoAprobado"/><text><status value="generated"/><div xmlns="http://www.w3.org/1999/xhtml"><ul><li>Include all codes defined in <a href="CodeSystem-CSUCursoAprobado.html"><code>https://hospitallaflorida.cl/fhir/hlfhosp/CodeSystem/CSUCursoAprobado</code></a></li></ul></div></text><url value="https://hospitallaflorida.cl/fhir/hlfhosp/ValueSet/VSUCursoAprobado"/><version value="0.7.0"/><name value="VSUCursoAprobado"/><title value="Ultimo Curso Aprobado"/><status value="active"/><experimental value="true"/><date value="2022-01-18T00:00:00-03:00"/><publisher value="Hospital Eloisa Diaz de la Florida"/><contact><name value="Hospital Eloisa Diaz de la Florida"/><telecom><system value="url"/><value value="https://www.hospitallaflorida.cl/"/></telecom><telecom><system value="email"/><value value="leonardo.arancibia@hospitallaflorida.cl"/></telecom></contact><description value="Categoría del último curso aprobado"/><compose><include><system value="https://hospitallaflorida.cl/fhir/hlfhosp/CodeSystem/CSUCursoAprobado"/></include></compose></ValueSet>