<?xml version="1.0" encoding="UTF-8"?>

<CodeSystem xmlns="http://hl7.org/fhir">
  <id value="CSUNivelAprob"/>
  <text>
    <status value="generated"/><div xmlns="http://www.w3.org/1999/xhtml">Placeholder</div>
  </text>
  <url value="https://hospitallaflorida.cl/fhir/hlfhosp/CodeSystem/CSUNivelAprob"/>
  <version value="0.7.0"/>
  <name value="CSUNivelAprob"/>
  <title value="Ultimo nivel aprobado"/>
  <status value="active"/>
  <experimental value="true"/>
  <date value="2022-01-18T00:00:00-03:00"/>
  <publisher value="Hospital Eloisa Diaz de la Florida"/>
  <contact>
    <name value="Hospital Eloisa Diaz de la Florida"/>
    <telecom>
      <system value="url"/>
      <value value="https://www.hospitallaflorida.cl/"/>
    </telecom>
    <telecom>
      <system value="email"/>
      <value value="leonardo.arancibia@hospitallaflorida.cl"/>
    </telecom>
  </contact>
  <description value="Código del último nivel aprobado"/>
  <caseSensitive value="true"/>
  <content value="complete"/>
  <count value="8"/>
  <concept>
    <code value="1"/>
    <display value="Preescolar"/>
  </concept>
  <concept>
    <code value="2"/>
    <display value="Especial o Diferencial"/>
  </concept>
  <concept>
    <code value="3"/>
    <display value="Básica o Primaria"/>
  </concept>
  <concept>
    <code value="4"/>
    <display value="Media o Secundaria"/>
  </concept>
  <concept>
    <code value="5"/>
    <display value="Educación Superior"/>
  </concept>
  <concept>
    <code value="6"/>
    <display value="Sin Instrucción"/>
  </concept>
  <concept>
    <code value="97"/>
    <display value="No Recuerda"/>
  </concept>
  <concept>
    <code value="98"/>
    <display value="No Responde"/>
  </concept>
</CodeSystem>