<?xml version="1.0" encoding="UTF-8"?>

<CodeSystem xmlns="http://hl7.org/fhir">
  <id value="CSOcupaciones"/>
  <text>
    <status value="generated"/><div xmlns="http://www.w3.org/1999/xhtml"><p>This code system <code>https://hospitallaflorida.cl/fhir/hlfhosp/CodeSystem/CSOcupaciones</code> defines the following codes:</p><table class="codes"><tr><td style="white-space:nowrap"><b>Code</b></td><td><b>Display</b></td></tr><tr><td style="white-space:nowrap">1<a name="CSOcupaciones-1"> </a></td><td>Miembro del Poder Ejecutivo de los Cuerpos Legislativos, Personal Directivo de la Administración Pública y de Empresa.</td></tr><tr><td style="white-space:nowrap">2<a name="CSOcupaciones-2"> </a></td><td>Profesionales Científicos o Intelectuales.</td></tr><tr><td style="white-space:nowrap">3<a name="CSOcupaciones-3"> </a></td><td>Técnicos y Profesionales de Nivel Medio</td></tr><tr><td style="white-space:nowrap">4<a name="CSOcupaciones-4"> </a></td><td>Empleados de Oficina</td></tr><tr><td style="white-space:nowrap">5<a name="CSOcupaciones-5"> </a></td><td>Trabajadores de los Servicios y Vendedores de Comercio y Mercado</td></tr><tr><td style="white-space:nowrap">6<a name="CSOcupaciones-6"> </a></td><td>Agricultores y Trabajadores Calificados Agropecuarios y Pesqueros</td></tr><tr><td style="white-space:nowrap">7<a name="CSOcupaciones-7"> </a></td><td>Oficiales, Operarios y Artesanos de Artes Mecánicas y de Otros Oficios</td></tr><tr><td style="white-space:nowrap">8<a name="CSOcupaciones-8"> </a></td><td>Operadores de Instalaciones y Máquinas y Montadoras</td></tr><tr><td style="white-space:nowrap">9<a name="CSOcupaciones-9"> </a></td><td>Trabajadores No Calificados</td></tr><tr><td style="white-space:nowrap">10<a name="CSOcupaciones-10"> </a></td><td>Fuerzas Armadas</td></tr><tr><td style="white-space:nowrap">99<a name="CSOcupaciones-99"> </a></td><td>Desconocido</td></tr></table></div>
  </text>
  <url value="https://hospitallaflorida.cl/fhir/hlfhosp/CodeSystem/CSOcupaciones"/>
  <version value="0.4.0"/>
  <name value="CSOcupaciones"/>
  <title value="Ocupaciones Paciente"/>
  <status value="active"/>
  <experimental value="true"/>
  <date value="2022-01-18T00:00:00-03:00"/>
  <publisher value="Hospital Eloisa Diaz de la Florida"/>
  <contact>
    <name value="Hospital Eloisa Diaz de la Florida"/>
    <telecom>
      <system value="url"/>
      <value value="https://www.hospitallaflorida.cl/"/>
    </telecom>
    <telecom>
      <system value="email"/>
      <value value="leonardo.arancibia@hospitallaflorida.cl"/>
    </telecom>
  </contact>
  <description value="Código asociados a la Ocupación del paciente"/>
  <jurisdiction>
    <coding>
      <system value="urn:iso:std:iso:3166"/>
      <code value="CL"/>
      <display value="Chile"/>
    </coding>
  </jurisdiction>
  <caseSensitive value="true"/>
  <content value="complete"/>
  <count value="11"/>
  <concept>
    <code value="1"/>
    <display value="Miembro del Poder Ejecutivo de los Cuerpos Legislativos, Personal Directivo de la Administración Pública y de Empresa."/>
  </concept>
  <concept>
    <code value="2"/>
    <display value="Profesionales Científicos o Intelectuales."/>
  </concept>
  <concept>
    <code value="3"/>
    <display value="Técnicos y Profesionales de Nivel Medio"/>
  </concept>
  <concept>
    <code value="4"/>
    <display value="Empleados de Oficina"/>
  </concept>
  <concept>
    <code value="5"/>
    <display value="Trabajadores de los Servicios y Vendedores de Comercio y Mercado"/>
  </concept>
  <concept>
    <code value="6"/>
    <display value="Agricultores y Trabajadores Calificados Agropecuarios y Pesqueros"/>
  </concept>
  <concept>
    <code value="7"/>
    <display value="Oficiales, Operarios y Artesanos de Artes Mecánicas y de Otros Oficios"/>
  </concept>
  <concept>
    <code value="8"/>
    <display value="Operadores de Instalaciones y Máquinas y Montadoras"/>
  </concept>
  <concept>
    <code value="9"/>
    <display value="Trabajadores No Calificados"/>
  </concept>
  <concept>
    <code value="10"/>
    <display value="Fuerzas Armadas"/>
  </concept>
  <concept>
    <code value="99"/>
    <display value="Desconocido"/>
  </concept>
</CodeSystem>