{
  "resourceType" : "CodeSystem",
  "id" : "CSPrevision",
  "text" : {
    "status" : "generated",
    "div" : "<div xmlns=\"http://www.w3.org/1999/xhtml\">Placeholder</div>"
  },
  "url" : "https://hospitallaflorida.cl/fhir/hlfhosp/CodeSystem/CSPrevision",
  "version" : "0.7.0",
  "name" : "CSPrevision",
  "title" : "Prevision del Paciente",
  "status" : "active",
  "experimental" : true,
  "date" : "2023-06-22T00:00:00-03:00",
  "publisher" : "Hospital Eloisa Diaz de la Florida",
  "contact" : [{
    "name" : "Hospital Eloisa Diaz de la Florida",
    "telecom" : [{
      "system" : "url",
      "value" : "https://www.hospitallaflorida.cl/"
    },
    {
      "system" : "email",
      "value" : "leonardo.arancibia@hospitallaflorida.cl"
    }]
  }],
  "description" : "Tipos de previsión declaradas en Chile",
  "caseSensitive" : true,
  "content" : "complete",
  "count" : 7,
  "concept" : [{
    "code" : "1",
    "display" : "FONASA"
  },
  {
    "code" : "2",
    "display" : "ISAPRE"
  },
  {
    "code" : "3",
    "display" : "CAPREDENA"
  },
  {
    "code" : "4",
    "display" : "DIPRECA"
  },
  {
    "code" : "5",
    "display" : "SISA"
  },
  {
    "code" : "96",
    "display" : "NINGUNA"
  },
  {
    "code" : "99",
    "display" : "DESCONOCIDO"
  }]
}