{
  "resourceType" : "CodeSystem",
  "id" : "CSEspecialidadMedica",
  "text" : {
    "status" : "generated",
    "div" : "<div xmlns=\"http://www.w3.org/1999/xhtml\">Placeholder</div>"
  },
  "url" : "https://hospitallaflorida.cl/fhir/hlfhosp/CodeSystem/CSEspecialidadMedica",
  "version" : "0.7.0",
  "name" : "CSEspecialidadMedica",
  "title" : "Códigos de Especialidad Médica",
  "status" : "active",
  "experimental" : true,
  "date" : "2023-06-22T00:00:00-03:00",
  "publisher" : "Hospital Eloisa Diaz de la Florida",
  "contact" : [{
    "name" : "Hospital Eloisa Diaz de la Florida",
    "telecom" : [{
      "system" : "url",
      "value" : "https://www.hospitallaflorida.cl/"
    },
    {
      "system" : "email",
      "value" : "leonardo.arancibia@hospitallaflorida.cl"
    }]
  }],
  "description" : "Códigos de Especialidad Médica utilizados por HLF",
  "caseSensitive" : true,
  "hierarchyMeaning" : "classified-with",
  "content" : "complete",
  "count" : 49,
  "property" : [{
    "code" : "abstract",
    "description" : "Indica si el concepto es abstracto o no",
    "type" : "boolean"
  }],
  "concept" : [{
    "code" : "adulto",
    "display" : "Adulto",
    "definition" : "Especialidad médica para mayores de 18 años",
    "property" : [{
      "code" : "abstract",
      "valueBoolean" : true
    }],
    "concept" : [{
      "code" : "101",
      "display" : "Anestesiología Adulto",
      "definition" : "Especialidad médica de anestesiología para adultos"
    },
    {
      "code" : "102",
      "display" : "Broncopulmonar Adulto",
      "definition" : "Especialidad médica de broncopulmonar para adultos"
    },
    {
      "code" : "103",
      "display" : "Cardiología Adulto",
      "definition" : "Especialidad médica de cardiología para adultos"
    },
    {
      "code" : "104",
      "display" : "Cirugía Abdominal Adulto",
      "definition" : "Especialidad médica de cirugía abdominal para adultos"
    },
    {
      "code" : "105",
      "display" : "Cirugía Adulto",
      "definition" : "Especialidad médica de cirugía para adultos"
    },
    {
      "code" : "106",
      "display" : "Cirugía Plástica Adulto",
      "definition" : "Especialidad médica de cirugía plástica para adultos"
    },
    {
      "code" : "107",
      "display" : "Cirugía Proctológica",
      "definition" : "Especialidad médica de cirugía proctológica"
    },
    {
      "code" : "108",
      "display" : "Cirugía Tórax Adulto",
      "definition" : "Especialidad médica de cirugía de tórax para adultos"
    },
    {
      "code" : "109",
      "display" : "Cirugía Vascular Periférica",
      "definition" : "Especialidad médica de cirugía vascular periférica para adultos"
    },
    {
      "code" : "110",
      "display" : "Dermatología Adulto",
      "definition" : "Especialidad médica de dermatología para adultos"
    },
    {
      "code" : "111",
      "display" : "Diabetes",
      "definition" : "Especialidad médica de diabetes"
    },
    {
      "code" : "112",
      "display" : "Endocrinología Adulto",
      "definition" : "Especialidad médica de endocrinología para adultos"
    },
    {
      "code" : "113",
      "display" : "Gastroenterología Adulto",
      "definition" : "Especialidad médica de gastroenterología para adultos"
    },
    {
      "code" : "114",
      "display" : "Geriatría",
      "definition" : "Especialidad médica de geriatría"
    },
    {
      "code" : "115",
      "display" : "Ginecología Adulto",
      "definition" : "Especialidad médica de ginecología para adultos"
    },
    {
      "code" : "116",
      "display" : "Hematología Adulto",
      "definition" : "Especialidad médica de hematología para adultos"
    },
    {
      "code" : "117",
      "display" : "Infectología Adulto",
      "definition" : "Especialidad médica de infectología para adultos"
    },
    {
      "code" : "118",
      "display" : "Inmunología Adulto",
      "definition" : "Especialidad médica de inmunología para adultos"
    },
    {
      "code" : "119",
      "display" : "Medicina Física y Rehabilitación Adulto",
      "definition" : "Especialidad médica de medicina física y rehabilitación para adultos"
    },
    {
      "code" : "120",
      "display" : "Medicina Familiar",
      "definition" : "Especialidad médica de medicina familiar"
    },
    {
      "code" : "121",
      "display" : "Medicina Interna",
      "definition" : "Especialidad médica de medicina interna"
    },
    {
      "code" : "122",
      "display" : "Nefrología Adulto",
      "definition" : "Especialidad médica de nefrología para adultos"
    },
    {
      "code" : "123",
      "display" : "Neurología Adulto",
      "definition" : "Especialidad médica de neurología para adultos"
    },
    {
      "code" : "124",
      "display" : "Nutriólogo",
      "definition" : "Especialidad médica de nutriólogo"
    },
    {
      "code" : "125",
      "display" : "Oftalmología",
      "definition" : "Especialidad médica de oftalmología"
    },
    {
      "code" : "126",
      "display" : "Otorrinolaringología",
      "definition" : "Especialidad médica de otorrinolaringología"
    },
    {
      "code" : "127",
      "display" : "Psiquiatría Adulto",
      "definition" : "Especialidad médica de psiquiatría para adultos"
    },
    {
      "code" : "128",
      "display" : "Reumatología",
      "definition" : "Especialidad médica de reumatología"
    },
    {
      "code" : "129",
      "display" : "Traumatología Adulto",
      "definition" : "Especialidad médica de traumatología para adultos"
    },
    {
      "code" : "130",
      "display" : "Urología Adulto",
      "definition" : "Especialidad médica de urología para adultos"
    }]
  },
  {
    "code" : "infantil",
    "display" : "Infantil",
    "definition" : "Especialidad médica para menores de 18 años",
    "property" : [{
      "code" : "abstract",
      "valueBoolean" : true
    }],
    "concept" : [{
      "code" : "201",
      "display" : "Broncopulmonar Infantil",
      "definition" : "Especialidad médica de broncopulmonar para menores de 18 años"
    },
    {
      "code" : "202",
      "display" : "Cardiología Infantil",
      "definition" : "Especialidad médica de cardiología para menores de 18 años"
    },
    {
      "code" : "203",
      "display" : "Cirugía Infantil",
      "definition" : "Especialidad médica de cirugía para menores de 18 años"
    },
    {
      "code" : "204",
      "display" : "Cirugía Plástica Infantil",
      "definition" : "Especialidad médica de cirugía plástica para menores de 18 años"
    },
    {
      "code" : "205",
      "display" : "Endocrinología Infantil",
      "definition" : "Especialidad médica de endocrinología para menores de 18 años"
    },
    {
      "code" : "206",
      "display" : "Gastroenterología Infantil",
      "definition" : "Especialidad médica de gastroenterología para menores de 18 años"
    },
    {
      "code" : "207",
      "display" : "Ginecología Infantil",
      "definition" : "Especialidad médica de ginecología para menores de 18 años"
    },
    {
      "code" : "208",
      "display" : "Hematología Infantil",
      "definition" : "Especialidad médica de hematología para menores de 18 años"
    },
    {
      "code" : "209",
      "display" : "Infectología Infantil",
      "definition" : "Especialidad médica de infectología para menores de 18 años"
    },
    {
      "code" : "210",
      "display" : "Nefrología Infantil",
      "definition" : "Especialidad médica de nefrología para menores de 18 años"
    },
    {
      "code" : "211",
      "display" : "Neonatología",
      "definition" : "Especialidad médica de neonatología"
    },
    {
      "code" : "212",
      "display" : "Neurología Infantil",
      "definition" : "Especialidad médica de neurología para menores de 18 años"
    },
    {
      "code" : "213",
      "display" : "Nutriólogo pediátrico",
      "definition" : "Especialidad médica de nutriólogo para menores de 18 años"
    },
    {
      "code" : "214",
      "display" : "Pediatría",
      "definition" : "Especialidad médica de pediatría"
    },
    {
      "code" : "215",
      "display" : "Psiquiatría Infantil",
      "definition" : "Especialidad médica de psiquiatría para menores de 18 años"
    },
    {
      "code" : "216",
      "display" : "Traumatología Infantil",
      "definition" : "Especialidad médica de traumatología para menores de 18 años"
    },
    {
      "code" : "217",
      "display" : "Urología Infantil",
      "definition" : "Especialidad médica de urología para menores de 18 años"
    }]
  }]
}