<?xml version="1.0" encoding="UTF-8"?>

<CodeSystem xmlns="http://hl7.org/fhir">
  <id value="CSIdentidadGenero"/>
  <text>
    <status value="generated"/><div xmlns="http://www.w3.org/1999/xhtml"><p>This code system <code>https://hospitallaflorida.cl/fhir/hlfhosp/CodeSystem/CSIdentidadGenero</code> defines the following codes:</p><table class="codes"><tr><td style="white-space:nowrap"><b>Code</b></td><td><b>Display</b></td><td><b>Definition</b></td></tr><tr><td style="white-space:nowrap">1<a name="CSIdentidadGenero-1"> </a></td><td>Masculino</td><td>La persona de sexo Hombre asignado al nacer, que se identifica a sí misma como de género masculino. También se le conoce como cisgénero masculino</td></tr><tr><td style="white-space:nowrap">2<a name="CSIdentidadGenero-2"> </a></td><td>Femenina</td><td>La persona de sexo “ujer asignado al nacer, que se identifica a sí misma como de género femenina. También se le conoce como cisgénero femenina</td></tr><tr><td style="white-space:nowrap">4<a name="CSIdentidadGenero-4"> </a></td><td>Transgénero Masculino</td><td>La persona de sexo Mujer asignado al nacer, que se identifica a sí misma como de género masculino.</td></tr><tr><td style="white-space:nowrap">5<a name="CSIdentidadGenero-5"> </a></td><td>Transgénero Femenina</td><td>La persona de sexo Hombre asignado al nacer, que se identifica a sí misma como de género femenina.</td></tr><tr><td style="white-space:nowrap">6<a name="CSIdentidadGenero-6"> </a></td><td>No binarie</td><td>La persona que no se identifica con ninguno de los géneros convencionales (femenina o masculino).</td></tr><tr><td style="white-space:nowrap">7<a name="CSIdentidadGenero-7"> </a></td><td>Otra</td><td>Otra identidad de género no descrita previamente.</td></tr><tr><td style="white-space:nowrap">8<a name="CSIdentidadGenero-8"> </a></td><td>No Revelado</td><td>La persona no desea revelar su identidad de género</td></tr></table></div>
  </text>
  <url value="https://hospitallaflorida.cl/fhir/hlfhosp/CodeSystem/CSIdentidadGenero"/>
  <version value="0.4.0"/>
  <name value="CSIdentidadGenero"/>
  <title value="Códigos para Identidad de Género"/>
  <status value="active"/>
  <experimental value="true"/>
  <date value="2022-01-18T00:00:00-03:00"/>
  <publisher value="Hospital Eloisa Diaz de la Florida"/>
  <contact>
    <name value="Hospital Eloisa Diaz de la Florida"/>
    <telecom>
      <system value="url"/>
      <value value="https://www.hospitallaflorida.cl/"/>
    </telecom>
    <telecom>
      <system value="email"/>
      <value value="leonardo.arancibia@hospitallaflorida.cl"/>
    </telecom>
  </contact>
  <description value="Códigos para Identidad de Género DEIS"/>
  <jurisdiction>
    <coding>
      <system value="urn:iso:std:iso:3166"/>
      <code value="CL"/>
      <display value="Chile"/>
    </coding>
  </jurisdiction>
  <caseSensitive value="true"/>
  <content value="complete"/>
  <count value="7"/>
  <concept>
    <code value="1"/>
    <display value="Masculino"/>
    <definition value="La persona de sexo Hombre asignado al nacer, que se identifica a sí misma como de género masculino. También se le conoce como cisgénero masculino"/>
  </concept>
  <concept>
    <code value="2"/>
    <display value="Femenina"/>
    <definition value="La persona de sexo “ujer asignado al nacer, que se identifica a sí misma como de género femenina. También se le conoce como cisgénero femenina"/>
  </concept>
  <concept>
    <code value="4"/>
    <display value="Transgénero Masculino"/>
    <definition value="La persona de sexo Mujer asignado al nacer, que se identifica a sí misma como de género masculino."/>
  </concept>
  <concept>
    <code value="5"/>
    <display value="Transgénero Femenina"/>
    <definition value="La persona de sexo Hombre asignado al nacer, que se identifica a sí misma como de género femenina."/>
  </concept>
  <concept>
    <code value="6"/>
    <display value="No binarie"/>
    <definition value="La persona que no se identifica con ninguno de los géneros convencionales (femenina o masculino)."/>
  </concept>
  <concept>
    <code value="7"/>
    <display value="Otra"/>
    <definition value="Otra identidad de género no descrita previamente."/>
  </concept>
  <concept>
    <code value="8"/>
    <display value="No Revelado"/>
    <definition value="La persona no desea revelar su identidad de género"/>
  </concept>
</CodeSystem>