{
  "resourceType" : "CodeSystem",
  "id" : "CSComplejidadCama",
  "text" : {
    "status" : "generated",
    "div" : "<div xmlns=\"http://www.w3.org/1999/xhtml\"><p>This code system <code>https://hospitallaflorida.cl/fhir/hlfhosp/CodeSystem/CSComplejidadCama</code> defines the following codes:</p><table class=\"codes\"><tr><td style=\"white-space:nowrap\"><b>Code</b></td><td><b>Display</b></td><td><b>Definition</b></td></tr><tr><td style=\"white-space:nowrap\">baja<a name=\"CSComplejidadCama-baja\"> </a></td><td>Baja</td><td>Camas de baja complejidad</td></tr><tr><td style=\"white-space:nowrap\">media<a name=\"CSComplejidadCama-media\"> </a></td><td>Media</td><td>Camas de media complejidad</td></tr><tr><td style=\"white-space:nowrap\">intermedia<a name=\"CSComplejidadCama-intermedia\"> </a></td><td>Intermedia</td><td>Camas de intermedia complejidad</td></tr><tr><td style=\"white-space:nowrap\">alta<a name=\"CSComplejidadCama-alta\"> </a></td><td>Alta</td><td>Camas de alta complejidad</td></tr></table></div>"
  },
  "url" : "https://hospitallaflorida.cl/fhir/hlfhosp/CodeSystem/CSComplejidadCama",
  "version" : "0.3.0",
  "name" : "CSComplejidadCama",
  "title" : "Complejidad cama",
  "status" : "active",
  "experimental" : true,
  "date" : "2023-06-22T00:00:00-03:00",
  "publisher" : "Hospital Eloisa Diaz de la Florida",
  "contact" : [{
    "name" : "Hospital Eloisa Diaz de la Florida",
    "telecom" : [{
      "system" : "url",
      "value" : "https://www.hospitallaflorida.cl/"
    },
    {
      "system" : "email",
      "value" : "leonardo.arancibia@hospitallaflorida.cl"
    }]
  }],
  "description" : "Códigos para identificar la complejidad de una cama HLF",
  "jurisdiction" : [{
    "coding" : [{
      "system" : "urn:iso:std:iso:3166",
      "code" : "CL",
      "display" : "Chile"
    }]
  }],
  "caseSensitive" : true,
  "content" : "complete",
  "count" : 4,
  "concept" : [{
    "code" : "baja",
    "display" : "Baja",
    "definition" : "Camas de baja complejidad"
  },
  {
    "code" : "media",
    "display" : "Media",
    "definition" : "Camas de media complejidad"
  },
  {
    "code" : "intermedia",
    "display" : "Intermedia",
    "definition" : "Camas de intermedia complejidad"
  },
  {
    "code" : "alta",
    "display" : "Alta",
    "definition" : "Camas de alta complejidad"
  }]
}