<?xml version="1.0" encoding="UTF-8"?>

<Observation xmlns="http://hl7.org/fhir">
  <id value="EjNivEduca"/>
  <meta>
    <profile value="https://hospitallaflorida.cl/fhir/hlfhosp/StructureDefinition/Educacion"/>
  </meta>
  <text>
    <status value="generated"/><div xmlns="http://www.w3.org/1999/xhtml"><p><b>Generated Narrative: Observation</b><a name="EjNivEduca"> </a></p><div style="display: inline-block; background-color: #d9e0e7; padding: 6px; margin: 4px; border: 1px solid #8da1b4; border-radius: 5px; line-height: 60%"><p style="margin-bottom: 0px">Resource Observation &quot;EjNivEduca&quot; </p><p style="margin-bottom: 0px">Profile: <a href="StructureDefinition-Educacion.html">Nivel Educacional</a></p></div><p><b>status</b>: registered</p><p><b>code</b>: Highest level of education <span style="background: LightGoldenRodYellow; margin: 4px; border: 1px solid khaki"> (<a href="https://loinc.org/">LOINC</a>#82589-3)</span></p><p><b>subject</b>: <a href="Patient-007.html">Patient/007</a> &quot; ORGANA&quot;</p><p><b>value</b>: Pre-Grado terminado <span style="background: LightGoldenRodYellow; margin: 4px; border: 1px solid khaki"> (<a href="CodeSystem-CSUNivelAprob.html">Ultimo nivel aprobado</a>#5 &quot;Educación Superior&quot;)</span></p></div>
  </text>
  <status value="registered"/>
  <code>
    <coding>
      <system value="http://loinc.org"/>
      <code value="82589-3"/>
      <display value="Highest level of education"/>
    </coding>
  </code>
  <subject>
    <reference value="Patient/007"/>
  </subject>
  <valueCodeableConcept>
    <coding>
      <system value="https://hospitallaflorida.cl/fhir/hlfhosp/CodeSystem/CSUNivelAprob"/>
      <code value="5"/>
      <display value="Educación Superior"/>
    </coding>
    <text value="Pre-Grado terminado"/>
  </valueCodeableConcept>
</Observation>