{
  "resourceType" : "Patient",
  "id" : "EjPacienteHLF2",
  "meta" : {
    "profile" : ["https://hospitallaflorida.cl/fhir/hlfhosp/StructureDefinition/PacienteHLF"]
  },
  "text" : {
    "status" : "generated",
    "div" : "<div xmlns=\"http://www.w3.org/1999/xhtml\"><p style=\"border: 1px #661aff solid; background-color: #e6e6ff; padding: 10px;\"><b>Steve Tony Rogers (OFFICIAL)</b> male, DoB: 1970-01-01 ( Chile: 55555555-5\u00a0(use:\u00a0OFFICIAL))</p><hr/><table class=\"grid\"><tr><td style=\"background-color: #f3f5da\" title=\"Ways to contact the Patient\">Contact Detail:</td><td colspan=\"3\">Calle Los Aromos 25, comuna de Viña del Mar, provincia de Valparaíso, Valparaíso </td></tr></table></div>"
  },
  "identifier" : [{
    "use" : "official",
    "type" : {
      "coding" : [{
        "system" : "https://hospitallaflorida.cl/fhir/hlfhosp/CodeSystem/CSCodigoDNI",
        "code" : "NNCHL",
        "display" : "Chile"
      }]
    },
    "system" : "http://regcivil.cl/Validacion/RUN",
    "value" : "55555555-5"
  }],
  "name" : [{
    "use" : "official",
    "family" : "Rogers",
    "_family" : {
      "extension" : [{
        "url" : "https://hospitallaflorida.cl/fhir/hlfhosp/StructureDefinition/SegundoApellido",
        "valueString" : "Stark"
      }]
    },
    "given" : ["Steve",
    "Tony"]
  }],
  "gender" : "male",
  "birthDate" : "1970-01-01",
  "address" : [{
    "line" : ["Calle Los Aromos 25, comuna de Viña del Mar, provincia de Valparaíso, Valparaíso"]
  }]
}