<?xml version="1.0" encoding="UTF-8"?>

<Patient xmlns="http://hl7.org/fhir">
  <id value="EjPacienteHLF"/>
  <meta>
    <versionId value="1"/>
    <lastUpdated value="2023-06-08T00:00:00.166Z"/>
    <profile value="https://hospitallaflorida.cl/fhir/hlfhosp/StructureDefinition/PacienteHLF"/>
  </meta>
  <text>
    <status value="generated"/><div xmlns="http://www.w3.org/1999/xhtml"><p style="border: 1px #661aff solid; background-color: #e6e6ff; padding: 10px;"><b>Leia </b> male, DoB: 1980-08-04 ( Chile: 78223444-1 (use: OFFICIAL))</p><hr/><table class="grid"><tr><td style="background-color: #f3f5da" title="Record is active">Active:</td><td>true</td><td style="background-color: #f3f5da" title="Known Marital status of Patient">Marital Status:</td><td colspan="3"><span title="Codes: {http://terminology.hl7.org/CodeSystem/v3-MaritalStatus D}">Divorced</span></td></tr><tr><td style="background-color: #f3f5da" title="Alternate names (see the one above)">Alt. Name:</td><td colspan="3">Luke Solo Organa (OFFICIAL)</td></tr><tr><td style="background-color: #f3f5da" title="Ways to contact the Patient">Contact Details:</td><td colspan="3"><ul><li><a href="mailto:LukeSky@organa.cl">LukeSky@organa.cl</a></li><li>Calle 4 Norte, 52, pieza 802 null null null (HOME)</li></ul></td></tr><tr><td style="background-color: #f3f5da" title="Nominated Contact: Next-of-Kin">Next-of-Kin:</td><td colspan="3"><ul><li>Anakin Bruce Vader (OFFICIAL)</li></ul></td></tr><tr><td style="background-color: #f3f5da" title="Se reconoce como pueblos indígenas u originarios en Chile a: mapuche, aymara, Rapanui, lickanantay, quechuas, colla, diaguitas, kawésqar, yagán y chango.">Extensión de Pueblos Indígenas u Origenarios:</td><td colspan="3"><ul><li>Pueblos: <span title="Codes: {https://hospitallaflorida.cl/fhir/hlfhosp/CodeSystem/CSPuebloIndigena 2}">Aymara</span></li></ul></td></tr></table></div>
  </text>
  <extension url="https://hospitallaflorida.cl/fhir/hlfhosp/StructureDefinition/PueblosIndigenas">
    <extension url="Pueblos">
      <valueCodeableConcept>
        <coding>
          <system value="https://hospitallaflorida.cl/fhir/hlfhosp/CodeSystem/CSPuebloIndigena"/>
          <code value="2"/>
          <display value="Aymara"/>
        </coding>
      </valueCodeableConcept>
    </extension>
    <valueCode value="5"/>
  </extension>
  <identifier>
    <use value="official"/>
    <type>
      <extension url="https://hl7chile.cl/fhir/ig/clcore/StructureDefinition/CodigoPaises">
        <valueCodeableConcept>
          <coding>
            <system value="urn:iso:std:iso:3166"/>
            <code value="152"/>
            <display value="Chile"/>
          </coding>
        </valueCodeableConcept>
      </extension>
      <coding>
        <system value="http://terminology.hl7.org/CodeSystem/v2-0203"/>
        <code value="NNCHL"/>
        <display value="Chile"/>
      </coding>
    </type>
    <system value="http://regcivil.cl/Validacion/Passport"/>
    <value value="78223444-1"/>
  </identifier>
  <active value="true"/>
  <name>
    <use value="official"/>
    <family value="Organa">
      <extension url="http://hl7.org/fhir/StructureDefinition/humanname-mothers-family">
        <valueString value="Skywalker"/>
      </extension>
    </family>
    <given value="Luke"/>
    <given value="Solo"/>
  </name>
  <name>
    <use value="usual"/>
    <given value="Leia"/>
  </name>
  <telecom>
    <system value="email"/>
    <value value="LukeSky@organa.cl"/>
    <use value="home"/>
  </telecom>
  <gender value="male"/>
  <birthDate value="1980-08-04"/>
  <address>
    <use value="home"/>
    <line value="Calle 4 Norte, 52, pieza 802"/>
    <city>
      <extension url="https://hl7chile.cl/fhir/ig/clcore/StructureDefinition/ComunasCl">
        <valueCodeableConcept>
          <coding>
            <system value="https://hl7chile.cl/fhir/ig/clcore/CodeSystem/CSCodComunasCL"/>
            <code value="15101"/>
            <display value="Arica"/>
          </coding>
        </valueCodeableConcept>
      </extension>
    </city>
    <district>
      <extension url="https://hl7chile.cl/fhir/ig/clcore/StructureDefinition/ProvinciasCl">
        <valueCodeableConcept>
          <coding>
            <system value="https://hl7chile.cl/fhir/ig/clcore/CodeSystem/CSCodProvinciasCL"/>
            <code value="151"/>
            <display value="Arica"/>
          </coding>
        </valueCodeableConcept>
      </extension>
    </district>
    <state>
      <extension url="https://hl7chile.cl/fhir/ig/clcore/StructureDefinition/RegionesCl">
        <valueCodeableConcept>
          <coding>
            <system value="https://hl7chile.cl/fhir/ig/clcore/CodeSystem/CSCodRegionCL"/>
            <code value="15"/>
            <display value="Arica y Parinacota"/>
          </coding>
        </valueCodeableConcept>
      </extension>
    </state>
    <country>
      <extension url="https://hl7chile.cl/fhir/ig/clcore/StructureDefinition/CodigoPaises">
        <valueCodeableConcept>
          <coding>
            <system value="urn:iso:std:iso:3166"/>
            <code value="CL"/>
            <display value="Chile"/>
          </coding>
        </valueCodeableConcept>
      </extension>
    </country>
  </address>
  <maritalStatus>
    <coding>
      <system value="http://terminology.hl7.org/CodeSystem/v3-MaritalStatus"/>
      <code value="D"/>
      <display value="Divorced"/>
    </coding>
  </maritalStatus>
  <contact>
    <extension url="https://hl7chile.cl/fhir/ig/clcore/StructureDefinition/IdContacto">
      <extension url="tutId">
        <valueIdentifier>
          <type>
            <coding>
              <system value="https://hl7chile.cl/fhir/ig/clcore/CodeSystem/CSCodigoDNI"/>
              <code value="NNCHL"/>
              <display value="Chile"/>
            </coding>
          </type>
          <system value="http://regcivil.cl/Validacion/RUN"/>
          <value value="8987321-7"/>
        </valueIdentifier>
      </extension>
      <extension url="docProc">
        <valueCodeableConcept>
          <coding>
            <system value="urn:iso:std:iso:3166"/>
            <code value="152"/>
            <display value="Chile"/>
          </coding>
        </valueCodeableConcept>
      </extension>
    </extension>
    <relationship>
      <coding>
        <system value="http://terminology.hl7.org/CodeSystem/v2-0131"/>
        <code value="N"/>
        <display value="Next-of-Kin"/>
      </coding>
    </relationship>
    <name>
      <use value="official"/>
      <family value="Vader">
        <extension url="http://hl7.org/fhir/StructureDefinition/humanname-mothers-family">
          <valueString value="SkyRider"/>
        </extension>
      </family>
      <given value="Anakin"/>
      <given value="Bruce"/>
    </name>
  </contact>
</Patient>