{
  "resourceType" : "Patient",
  "id" : "007",
  "meta" : {
    "versionId" : "1",
    "lastUpdated" : "2023-06-08T00:00:00.166Z",
    "profile" : ["https://hospitallaflorida.cl/fhir/hlfhosp/StructureDefinition/PacienteHLF"]
  },
  "text" : {
    "status" : "generated",
    "div" : "<div xmlns=\"http://www.w3.org/1999/xhtml\"><p style=\"border: 1px #661aff solid; background-color: #e6e6ff; padding: 10px;\"><b>Luke Solo Organa (OFFICIAL)</b> male, DoB: 1980-08-04 ( Chile: 78223444-1\u00a0(use:\u00a0OFFICIAL))</p><hr/><table class=\"grid\"><tr><td style=\"background-color: #f3f5da\" title=\"Record is active\">Active:</td><td>true</td><td style=\"background-color: #f3f5da\" title=\"Known Marital status of Patient\">Marital Status:</td><td colspan=\"3\"><span title=\"Codes: {http://terminology.hl7.org/CodeSystem/v3-MaritalStatus D}\">Divorced</span></td></tr><tr><td style=\"background-color: #f3f5da\" title=\"Ways to contact the Patient\">Contact Details:</td><td colspan=\"3\"><ul><li><a href=\"mailto:LukeSky@organa.cl\">LukeSky@organa.cl</a></li><li>Calle 4 Norte, 52, pieza 802 Arica Arica y Parinacota Chile (HOME)</li></ul></td></tr><tr><td style=\"background-color: #f3f5da\" title=\"Extensión para dato es de del sexo registrado oficialmente por el/la paciente\"><a href=\"StructureDefinition-SexoReg.html\">Sexo Registral:</a></td><td colspan=\"3\"><ul><li>3</li></ul></td></tr><tr><td style=\"background-color: #f3f5da\" title=\"Esta extensión permite agregar un nombre social al paciente\"><a href=\"StructureDefinition-NombreSocial.html\">Nombre Social de Paciente:</a></td><td colspan=\"3\"><ul><li>Leia</li></ul></td></tr><tr><td style=\"background-color: #f3f5da\" title=\"Extensión para dato es de autoidentificación, por lo tanto, es una información que la persona entrega y el modelo de atención debe garantizar las condiciones y los mecanismos de privacidad y confidencialidad a través de un protocolo de aplicación local \"><a href=\"StructureDefinition-IdentidadGenero.html\">Identidad de Género:</a></td><td colspan=\"3\"><ul><li>5</li></ul></td></tr><tr><td style=\"background-color: #f3f5da\" title=\"Extensión de Sexdo biológico al nacer para Chile\"><a href=\"StructureDefinition-SexoNacimiento820.html\">Sexo biológico al nacer:</a></td><td colspan=\"3\"><ul><li>1</li></ul></td></tr></table></div>"
  },
  "extension" : [{
    "url" : "https://hospitallaflorida.cl/fhir/hlfhosp/StructureDefinition/NombreSocial",
    "valueString" : "Leia"
  },
  {
    "url" : "https://hospitallaflorida.cl/fhir/hlfhosp/StructureDefinition/SexoNacimiento820",
    "valueCode" : "1"
  },
  {
    "url" : "https://hospitallaflorida.cl/fhir/hlfhosp/StructureDefinition/SexoReg",
    "valueCode" : "3"
  },
  {
    "url" : "https://hospitallaflorida.cl/fhir/hlfhosp/StructureDefinition/IdentidadGenero",
    "valueCode" : "5"
  }],
  "identifier" : [{
    "use" : "official",
    "type" : {
      "coding" : [{
        "system" : "https://hospitallaflorida.cl/fhir/hlfhosp/CodeSystem/CSCodigoDNI",
        "code" : "NNCHL",
        "display" : "Chile"
      }]
    },
    "system" : "http://regcivil.cl/Validacion/Passport",
    "value" : "78223444-1"
  }],
  "active" : true,
  "name" : [{
    "use" : "official",
    "family" : "Organa",
    "_family" : {
      "extension" : [{
        "url" : "http://hl7.org/fhir/StructureDefinition/humanname-mothers-family",
        "valueString" : "Skywalker"
      }]
    },
    "given" : ["Luke",
    "Solo"]
  }],
  "telecom" : [{
    "system" : "email",
    "value" : "LukeSky@organa.cl",
    "use" : "home"
  }],
  "gender" : "male",
  "birthDate" : "1980-08-04",
  "address" : [{
    "use" : "home",
    "line" : ["Calle 4 Norte, 52, pieza 802"],
    "city" : "Arica",
    "district" : "Arica",
    "state" : "Arica y Parinacota",
    "country" : "Chile"
  }],
  "maritalStatus" : {
    "coding" : [{
      "system" : "http://terminology.hl7.org/CodeSystem/v3-MaritalStatus",
      "code" : "D",
      "display" : "Divorced"
    }]
  }
}