{
  "resourceType" : "ValueSet",
  "id" : "VSUCursoAprobado",
  "text" : {
    "status" : "generated",
    "div" : "<div xmlns=\"http://www.w3.org/1999/xhtml\"><ul><li>Include all codes defined in <a href=\"CodeSystem-CSUCursoAprobado.html\"><code>https://hospitallaflorida.cl/fhir/hlfhosp/CodeSystem/CSUCursoAprobado</code></a></li></ul></div>"
  },
  "url" : "https://hospitallaflorida.cl/fhir/hlfhosp/ValueSet/VSUCursoAprobado",
  "version" : "0.1.0",
  "name" : "VSUCursoAprobado",
  "title" : "Ultimo Curso Aprobado",
  "status" : "active",
  "experimental" : true,
  "date" : "2022-01-18T00:00:00-03:00",
  "publisher" : "Hospital Eloisa Diaz de la Florida",
  "contact" : [{
    "name" : "Hospital Eloisa Diaz de la Florida",
    "telecom" : [{
      "system" : "url",
      "value" : "www.hospitallaflorida.cl"
    },
    {
      "system" : "email",
      "value" : "leonardo.arancibia@hospitallaflorida.cl"
    }]
  }],
  "description" : "Categoría del último curso aprobado",
  "jurisdiction" : [{
    "coding" : [{
      "system" : "urn:iso:std:iso:3166",
      "code" : "CL",
      "display" : "Chile"
    }]
  }],
  "compose" : {
    "include" : [{
      "system" : "https://hospitallaflorida.cl/fhir/hlfhosp/CodeSystem/CSUCursoAprobado"
    }]
  }
}