{"resourceType":"CodeSystem","id":"CSDireccionTipoVia","text":{"status":"generated","div":"<div xmlns=\"http://www.w3.org/1999/xhtml\"><p>This case-sensitive code system <code>https://hospitallaflorida.cl/fhir/hlfhosp/CodeSystem/CSDireccionTipoVia</code> defines the following codes:</p><table class=\"codes\"><tr><td style=\"white-space:nowrap\"><b>Code</b></td><td><b>Display</b></td></tr><tr><td style=\"white-space:nowrap\">1<a name=\"CSDireccionTipoVia-1\"> </a></td><td>Calle</td></tr><tr><td style=\"white-space:nowrap\">2<a name=\"CSDireccionTipoVia-2\"> </a></td><td>Avenida</td></tr><tr><td style=\"white-space:nowrap\">3<a name=\"CSDireccionTipoVia-3\"> </a></td><td>Pasaje</td></tr><tr><td style=\"white-space:nowrap\">4<a name=\"CSDireccionTipoVia-4\"> </a></td><td>Camino</td></tr><tr><td style=\"white-space:nowrap\">5<a name=\"CSDireccionTipoVia-5\"> </a></td><td>Carretera</td></tr><tr><td style=\"white-space:nowrap\">6<a name=\"CSDireccionTipoVia-6\"> </a></td><td>Callejón</td></tr><tr><td style=\"white-space:nowrap\">7<a name=\"CSDireccionTipoVia-7\"> </a></td><td>Paseo</td></tr><tr><td style=\"white-space:nowrap\">8<a name=\"CSDireccionTipoVia-8\"> </a></td><td>Escalera</td></tr><tr><td style=\"white-space:nowrap\">9<a name=\"CSDireccionTipoVia-9\"> </a></td><td>Otro</td></tr><tr><td style=\"white-space:nowrap\">10<a name=\"CSDireccionTipoVia-10\"> </a></td><td>Rotonda</td></tr></table></div>"},"url":"https://hospitallaflorida.cl/fhir/hlfhosp/CodeSystem/CSDireccionTipoVia","version":"0.7.0","name":"CSDireccionTipoVia","title":"Dirección Tipo Vía","status":"active","experimental":false,"date":"2022-01-18T00:00:00-03:00","publisher":"Hospital Eloisa Diaz de la Florida","contact":[{"name":"Hospital Eloisa Diaz de la Florida","telecom":[{"system":"url","value":"https://www.hospitallaflorida.cl/"},{"system":"email","value":"leonardo.arancibia@hospitallaflorida.cl"}]}],"description":"Código de tipo de vía según norma técnica 820 'Estándares de Información de Salud' del Departamento de Estadística e Información de Salud del Ministerio de Salud de Chile","caseSensitive":true,"content":"complete","count":10,"concept":[{"code":"1","display":"Calle"},{"code":"2","display":"Avenida"},{"code":"3","display":"Pasaje"},{"code":"4","display":"Camino"},{"code":"5","display":"Carretera"},{"code":"6","display":"Callejón"},{"code":"7","display":"Paseo"},{"code":"8","display":"Escalera"},{"code":"9","display":"Otro"},{"code":"10","display":"Rotonda"}]}