{"resourceType":"CodeSystem","id":"CSPrecaucionesHospitalizacion","text":{"status":"generated","div":"<div xmlns=\"http://www.w3.org/1999/xhtml\"><p>This code system <code>https://hospitallaflorida.cl/fhir/hlfhosp/CodeSystem/CSPrecaucionesHospitalizacion</code> defines the following codes:</p><table class=\"codes\"><tr><td style=\"white-space:nowrap\"><b>Code</b></td><td><b>Display</b></td></tr><tr><td style=\"white-space:nowrap\">estandar<a name=\"CSPrecaucionesHospitalizacion-estandar\"> </a></td><td>Estándar</td></tr><tr><td style=\"white-space:nowrap\">aerea<a name=\"CSPrecaucionesHospitalizacion-aerea\"> </a></td><td>Aérea</td></tr><tr><td style=\"white-space:nowrap\">gotitas<a name=\"CSPrecaucionesHospitalizacion-gotitas\"> </a></td><td>Gotitas</td></tr><tr><td style=\"white-space:nowrap\">contacto<a name=\"CSPrecaucionesHospitalizacion-contacto\"> </a></td><td>Contacto</td></tr><tr><td style=\"white-space:nowrap\">protector<a name=\"CSPrecaucionesHospitalizacion-protector\"> </a></td><td>Protector</td></tr></table></div>"},"url":"https://hospitallaflorida.cl/fhir/hlfhosp/CodeSystem/CSPrecaucionesHospitalizacion","version":"0.3.0","name":"CSPrecaucionesHospitalizacion","title":"Precauciones Hospitalización","status":"active","experimental":true,"date":"2023-06-22T00:00:00-03:00","publisher":"Hospital Eloisa Diaz de la Florida","contact":[{"name":"Hospital Eloisa Diaz de la Florida","telecom":[{"system":"url","value":"https://www.hospitallaflorida.cl/"},{"system":"email","value":"leonardo.arancibia@hospitallaflorida.cl"}]}],"description":"Opciones del tipo de precauciones de hospitalización que se deben tomar para un paciente","jurisdiction":[{"coding":[{"system":"urn:iso:std:iso:3166","code":"CL","display":"Chile"}]}],"caseSensitive":true,"content":"complete","count":5,"concept":[{"code":"estandar","display":"Estándar"},{"code":"aerea","display":"Aérea"},{"code":"gotitas","display":"Gotitas"},{"code":"contacto","display":"Contacto"},{"code":"protector","display":"Protector"}]}