{"resourceType":"CodeSystem","id":"CBFN","text":{"status":"generated","div":"<div xmlns=\"http://www.w3.org/1999/xhtml\"><p><b>Properties</b></p><p><b>This code system  defines the following properties for its concepts</b></p><table class=\"grid\"><tr><td><b>Code</b></td><td><b>Type</b></td><td><b>Description</b></td></tr><tr><td>vigencia</td><td>boolean</td><td>si el codigo es vigente</td></tr><tr><td>orden</td><td>integer</td><td>el orden de presentación de los códigos</td></tr><tr><td>codigoMinsal</td><td>string</td><td>el equivalente en el código del MINSAL norma 820</td></tr></table><p><b>Concepts</b></p><p>This case-sensitive code system <code>https://hospitallaflorida.cl/fhir/hlfhosp/CodeSystem/CBFN</code> defines the following codes:</p><table class=\"codes\"><tr><td style=\"white-space:nowrap\"><b>Code</b></td><td><b>Display</b></td><td><b>vigencia</b></td><td><b>orden</b></td><td><b>codigoMinsal</b></td></tr><tr><td style=\"white-space:nowrap\">1<a name=\"CBFN-1\"> </a></td><td>Tramo A</td><td>true</td><td>1</td><td>A</td></tr><tr><td style=\"white-space:nowrap\">2<a name=\"CBFN-2\"> </a></td><td>Tramo B</td><td>true</td><td>2</td><td>B</td></tr><tr><td style=\"white-space:nowrap\">3<a name=\"CBFN-3\"> </a></td><td>Tramo C</td><td>true</td><td>3</td><td>C</td></tr><tr><td style=\"white-space:nowrap\">4<a name=\"CBFN-4\"> </a></td><td>Tramo D</td><td>true</td><td>4</td><td>D</td></tr></table></div>"},"url":"https://hospitallaflorida.cl/fhir/hlfhosp/CodeSystem/CBFN","version":"0.7.0","name":"CBFN","title":"Código beneficiarios FONASA","status":"active","experimental":true,"date":"2023-06-22T00:00:00-03:00","publisher":"Hospital Eloisa Diaz de la Florida","contact":[{"name":"Hospital Eloisa Diaz de la Florida","telecom":[{"system":"url","value":"https://www.hospitallaflorida.cl/"},{"system":"email","value":"leonardo.arancibia@hospitallaflorida.cl"}]}],"description":"Código beneficiarios FONASA","caseSensitive":true,"content":"complete","count":4,"property":[{"code":"vigencia","description":"si el codigo es vigente","type":"boolean"},{"code":"orden","description":"el orden de presentación de los códigos","type":"integer"},{"code":"codigoMinsal","description":"el equivalente en el código del MINSAL norma 820","type":"string"}],"concept":[{"code":"1","display":"Tramo A","property":[{"code":"vigencia","valueBoolean":true},{"code":"orden","valueInteger":1},{"code":"codigoMinsal","valueString":"A"}]},{"code":"2","display":"Tramo B","property":[{"code":"vigencia","valueBoolean":true},{"code":"orden","valueInteger":2},{"code":"codigoMinsal","valueString":"B"}]},{"code":"3","display":"Tramo C","property":[{"code":"vigencia","valueBoolean":true},{"code":"orden","valueInteger":3},{"code":"codigoMinsal","valueString":"C"}]},{"code":"4","display":"Tramo D","property":[{"code":"vigencia","valueBoolean":true},{"code":"orden","valueInteger":4},{"code":"codigoMinsal","valueString":"D"}]}]}