{"resourceType":"CodeSystem","id":"CMES","text":{"status":"generated","div":"<div xmlns=\"http://www.w3.org/1999/xhtml\"><p><b>Properties</b></p><p><b>This code system  defines the following properties for its concepts</b></p><table class=\"grid\"><tr><td><b>Code</b></td><td><b>Type</b></td><td><b>Description</b></td></tr><tr><td>vigencia</td><td>boolean</td><td>si el codigo es vigente</td></tr><tr><td>orden</td><td>integer</td><td>el orden de presentación de los códigos</td></tr><tr><td>codigoMinsal</td><td>string</td><td>el equivalente en el código del MINSAL norma 820</td></tr></table><p><b>Concepts</b></p><p>This case-sensitive code system <code>https://hospitallaflorida.cl/fhir/hlfhosp/CodeSystem/CMES</code> defines the following codes:</p><table class=\"codes\"><tr><td style=\"white-space:nowrap\"><b>Code</b></td><td><b>Display</b></td><td><b>vigencia</b></td><td><b>orden</b></td><td><b>codigoMinsal</b></td></tr><tr><td style=\"white-space:nowrap\">1<a name=\"CMES-1\"> </a></td><td>Primera consulta médica de especialidad o consulta nueva de especialidad</td><td>true</td><td>1</td><td>1</td></tr><tr><td style=\"white-space:nowrap\">2<a name=\"CMES-2\"> </a></td><td>Consulta médica de control o seguimiento de especialidad</td><td>true</td><td>2</td><td>2</td></tr></table></div>"},"url":"https://hospitallaflorida.cl/fhir/hlfhosp/CodeSystem/CMES","version":"0.7.0","name":"CMES","title":"Consulta médica especialidad","status":"active","experimental":true,"date":"2023-06-22T00:00:00-03:00","publisher":"Hospital Eloisa Diaz de la Florida","contact":[{"name":"Hospital Eloisa Diaz de la Florida","telecom":[{"system":"url","value":"https://www.hospitallaflorida.cl/"},{"system":"email","value":"leonardo.arancibia@hospitallaflorida.cl"}]}],"description":"Consulta médica especialidad","caseSensitive":true,"content":"complete","count":2,"property":[{"code":"vigencia","description":"si el codigo es vigente","type":"boolean"},{"code":"orden","description":"el orden de presentación de los códigos","type":"integer"},{"code":"codigoMinsal","description":"el equivalente en el código del MINSAL norma 820","type":"string"}],"concept":[{"code":"1","display":"Primera consulta médica de especialidad o consulta nueva de especialidad","property":[{"code":"vigencia","valueBoolean":true},{"code":"orden","valueInteger":1},{"code":"codigoMinsal","valueString":"1"}]},{"code":"2","display":"Consulta médica de control o seguimiento de especialidad","property":[{"code":"vigencia","valueBoolean":true},{"code":"orden","valueInteger":2},{"code":"codigoMinsal","valueString":"2"}]}]}