{"resourceType":"ImplementationGuide","id":"fhir.hlf.hosp","text":{"status":"extensions","div":"<div xmlns=\"http://www.w3.org/1999/xhtml\"><h2>HlfHosp</h2><p>The official URL for this implementation guide is: </p><pre>https://hospitallaflorida.cl/fhir/hlfhosp/ImplementationGuide/fhir.hlf.hosp</pre></div>"},"url":"https://hospitallaflorida.cl/fhir/hlfhosp/ImplementationGuide/fhir.hlf.hosp","version":"0.7.0","name":"HlfHosp","title":"Guía de Implementación Procesos de Hospitalizado","status":"draft","date":"2023-09-13T17:11:14-03:00","publisher":"Hospital Eloisa Diaz de la Florida","contact":[{"name":"Hospital Eloisa Diaz de la Florida","telecom":[{"system":"url","value":"https://www.hospitallaflorida.cl/"},{"system":"email","value":"leonardo.arancibia@hospitallaflorida.cl"}]}],"packageId":"fhir.hlf.hosp","license":"CC0-1.0","fhirVersion":["5.0.0"],"dependsOn":[{"id":"hl7tx","extension":[{"url":"http://hl7.org/fhir/tools/StructureDefinition/implementationguide-dependency-comment","valueMarkdown":"Automatically added as a dependency - all IGs depend on HL7 Terminology"}],"uri":"http://terminology.hl7.org/ImplementationGuide/hl7.terminology","packageId":"hl7.terminology.r5","version":"5.3.0"},{"id":"hl7ext","extension":[{"url":"http://hl7.org/fhir/tools/StructureDefinition/implementationguide-dependency-comment","valueMarkdown":"Automatically added as a dependency - all IGs depend on the HL7 Extension Pack"}],"uri":"http://hl7.org/fhir/extensions/ImplementationGuide/hl7.fhir.uv.extensions","packageId":"hl7.fhir.uv.extensions.r5","version":"1.0.0"}],"definition":{"extension":[{"url":"http://hl7.org/fhir/tools/StructureDefinition/ig-internal-dependency","valueCode":"hl7.fhir.uv.tools#current"}],"grouping":[{"id":"-dyn-searchparameter","name":"Behavior: Search Parameters","description":"These define the properties by which a RESTful server can be searched.  They can also be used for sorting and including related resources."},{"id":"-str-profile","name":"Structures: Resource Profiles","description":"These define constraints on FHIR resources for systems conforming to this implementation guide."},{"id":"-str-extension","name":"Structures: Extension Definitions","description":"These define constraints on FHIR data types for systems conforming to this implementation guide."},{"id":"-term-valueset","name":"Terminology: Value Sets","description":"These define sets of codes used by systems conforming to this implementation guide."},{"id":"-term-codesystem","name":"Terminology: Code Systems","description":"These define new code systems used by systems conforming to this implementation guide."},{"id":"-ex-example","name":"Example: Example Instances","description":"These are example instances that show what data produced and consumed by systems conforming with this implementation guide might look like."}],"resource":[{"extension":[{"url":"http://hl7.org/fhir/tools/StructureDefinition/resource-sort","valueInteger":999999999},{"url":"http://hl7.org/fhir/StructureDefinition/implementationguide-page","valueUri":"SearchParameter-Complejidad.html"}],"reference":{"reference":"SearchParameter/Complejidad"},"name":"Complejidad","description":"Retorna las Unidades Clinicas HLF que tienen la complejidad indicada","isExample":false,"groupingId":"-dyn-searchparameter"},{"extension":[{"url":"http://hl7.org/fhir/tools/StructureDefinition/resource-sort","valueInteger":999999999},{"url":"http://hl7.org/fhir/StructureDefinition/implementationguide-page","valueUri":"SearchParameter-IsPediatrica.html"}],"reference":{"reference":"SearchParameter/IsPediatrica"},"name":"IsPediatrica","description":"Retorna las Unidades Clinicas HLF que son pediatricas","isExample":false,"groupingId":"-dyn-searchparameter"},{"extension":[{"url":"http://hl7.org/fhir/tools/StructureDefinition/resource-sort","valueInteger":999999999},{"url":"http://hl7.org/fhir/StructureDefinition/implementationguide-page","valueUri":"StructureDefinition-Ocupaciones.html"}],"reference":{"reference":"StructureDefinition/Ocupaciones"},"name":"Aspectos Laborales","description":"Perfil de observaciones asociado a los aspectos laborales  de un paciente","isExample":false,"groupingId":"-str-profile"},{"extension":[{"url":"http://hl7.org/fhir/tools/StructureDefinition/resource-sort","valueInteger":999999999},{"url":"http://hl7.org/fhir/StructureDefinition/implementationguide-page","valueUri":"StructureDefinition-BundleSolicitudHLF.html"}],"reference":{"reference":"StructureDefinition/BundleSolicitudHLF"},"name":"BundleSolicitudHLF","description":"Perfil para un empaquetador de recursos FHIR en solicitud de hospitalización","isExample":false,"groupingId":"-str-profile"},{"extension":[{"url":"http://hl7.org/fhir/tools/StructureDefinition/resource-sort","valueInteger":999999999},{"url":"http://hl7.org/fhir/StructureDefinition/implementationguide-page","valueUri":"StructureDefinition-DiagnosticoCondHLf.html"}],"reference":{"reference":"StructureDefinition/DiagnosticoCondHLf"},"name":"DiagnosticoCondHLf","description":"Perfil para Diagnósticos y Condiciones Mórbidas del Paciente","isExample":false,"groupingId":"-str-profile"},{"extension":[{"url":"http://hl7.org/fhir/tools/StructureDefinition/resource-sort","valueInteger":999999999},{"url":"http://hl7.org/fhir/StructureDefinition/implementationguide-page","valueUri":"StructureDefinition-Educacion.html"}],"reference":{"reference":"StructureDefinition/Educacion"},"name":"Nivel Educacional","description":"Perfil de observaciones asociado al nivel educacional del paciente","isExample":false,"groupingId":"-str-profile"},{"extension":[{"url":"http://hl7.org/fhir/tools/StructureDefinition/resource-sort","valueInteger":999999999},{"url":"http://hl7.org/fhir/StructureDefinition/implementationguide-page","valueUri":"StructureDefinition-PacienteHLF.html"}],"reference":{"reference":"StructureDefinition/PacienteHLF"},"name":"PacienteHLF","description":"Perfil de Paciente definido por HLF","isExample":false,"groupingId":"-str-profile"},{"extension":[{"url":"http://hl7.org/fhir/tools/StructureDefinition/resource-sort","valueInteger":999999999},{"url":"http://hl7.org/fhir/StructureDefinition/implementationguide-page","valueUri":"StructureDefinition-ObsPesoPediatrico.html"}],"reference":{"reference":"StructureDefinition/ObsPesoPediatrico"},"name":"Peso medido al momento de nacer","description":"Perfil de observaciones de recién nacidos","isExample":false,"groupingId":"-str-profile"},{"extension":[{"url":"http://hl7.org/fhir/tools/StructureDefinition/resource-sort","valueInteger":999999999},{"url":"http://hl7.org/fhir/StructureDefinition/implementationguide-page","valueUri":"StructureDefinition-Prevision.html"}],"reference":{"reference":"StructureDefinition/Prevision"},"name":"Prevision","description":"Perfil para la determinación de previsiones en Chile","isExample":false,"groupingId":"-str-profile"},{"extension":[{"url":"http://hl7.org/fhir/tools/StructureDefinition/resource-sort","valueInteger":999999999},{"url":"http://hl7.org/fhir/StructureDefinition/implementationguide-page","valueUri":"StructureDefinition-registro-atencion.html"}],"reference":{"reference":"StructureDefinition/registro-atencion"},"name":"Registro Atencion","description":"Perfil del recurso Encounter para el registro de atenciones de salud","isExample":false,"groupingId":"-str-profile"},{"extension":[{"url":"http://hl7.org/fhir/tools/StructureDefinition/resource-sort","valueInteger":999999999},{"url":"http://hl7.org/fhir/StructureDefinition/implementationguide-page","valueUri":"StructureDefinition-solicitud-hospitalizacion.html"}],"reference":{"reference":"StructureDefinition/solicitud-hospitalizacion"},"name":"Solicitud Hospitalización","description":"Perfil del recurso ServiceRequest para realizar una solicitud de hospitalización en HLF","isExample":false,"groupingId":"-str-profile"},{"extension":[{"url":"http://hl7.org/fhir/tools/StructureDefinition/resource-sort","valueInteger":999999999},{"url":"http://hl7.org/fhir/StructureDefinition/implementationguide-page","valueUri":"StructureDefinition-unidad-clinica-hlf.html"}],"reference":{"reference":"StructureDefinition/unidad-clinica-hlf"},"name":"Unidad Clinica HLF","description":"Perfil del recurso HealthcareService que representa a la Unidad Clinica HLF","isExample":false,"groupingId":"-str-profile"},{"extension":[{"url":"http://hl7.org/fhir/tools/StructureDefinition/resource-sort","valueInteger":999999999},{"url":"http://hl7.org/fhir/StructureDefinition/implementationguide-page","valueUri":"StructureDefinition-complejidad-cama.html"}],"reference":{"reference":"StructureDefinition/complejidad-cama"},"name":"Complejidad Cama","description":"Extensión para complejidad de la cama","isExample":false,"groupingId":"-str-extension"},{"extension":[{"url":"http://hl7.org/fhir/tools/StructureDefinition/resource-sort","valueInteger":999999999},{"url":"http://hl7.org/fhir/StructureDefinition/implementationguide-page","valueUri":"StructureDefinition-complejidad-unidad.html"}],"reference":{"reference":"StructureDefinition/complejidad-unidad"},"name":"Complejidad Unidad Clinica HLF","description":"Extensión para indicar la complejidad de la Unidad Clinica HLF","isExample":false,"groupingId":"-str-extension"},{"extension":[{"url":"http://hl7.org/fhir/tools/StructureDefinition/resource-sort","valueInteger":999999999},{"url":"http://hl7.org/fhir/StructureDefinition/implementationguide-page","valueUri":"StructureDefinition-CodigoPais.html"}],"reference":{"reference":"StructureDefinition/CodigoPais"},"name":"Código de identificación de país","description":"Extensión para el código de identificación de país","isExample":false,"groupingId":"-str-extension"},{"extension":[{"url":"http://hl7.org/fhir/tools/StructureDefinition/resource-sort","valueInteger":999999999},{"url":"http://hl7.org/fhir/StructureDefinition/implementationguide-page","valueUri":"StructureDefinition-PueblosIndigenas.html"}],"reference":{"reference":"StructureDefinition/PueblosIndigenas"},"name":"Extensión de Pueblos Indígenas u Origenarios","description":"Se reconoce como pueblos indígenas u originarios en Chile a: mapuche, aymara, Rapanui, lickanantay, quechuas, colla, diaguitas, kawésqar, yagán y chango.","isExample":false,"groupingId":"-str-extension"},{"extension":[{"url":"http://hl7.org/fhir/tools/StructureDefinition/resource-sort","valueInteger":999999999},{"url":"http://hl7.org/fhir/StructureDefinition/implementationguide-page","valueUri":"StructureDefinition-unidad-pediatrica.html"}],"reference":{"reference":"StructureDefinition/unidad-pediatrica"},"name":"Extensión para indicar si la Unidad Clinica HLF es pediatrica","description":"Extensión que contiene un booleano que indica si la Unidad Clinica HLF es pediatrica","isExample":false,"groupingId":"-str-extension"},{"extension":[{"url":"http://hl7.org/fhir/tools/StructureDefinition/resource-sort","valueInteger":999999999},{"url":"http://hl7.org/fhir/StructureDefinition/implementationguide-page","valueUri":"StructureDefinition-ReligionesCultos.html"}],"reference":{"reference":"StructureDefinition/ReligionesCultos"},"name":"Extensión que define Religion o Culto","description":"Información sobre la Religión o Credo declarada por el paciente","isExample":false,"groupingId":"-str-extension"},{"extension":[{"url":"http://hl7.org/fhir/tools/StructureDefinition/resource-sort","valueInteger":999999999},{"url":"http://hl7.org/fhir/StructureDefinition/implementationguide-page","valueUri":"StructureDefinition-IdentidadGenero.html"}],"reference":{"reference":"StructureDefinition/IdentidadGenero"},"name":"Identidad de Género","description":"Extensión para dato es de autoidentificación, por lo tanto, es una información que la persona entrega y el modelo de atención debe garantizar las condiciones y los mecanismos de privacidad y confidencialidad a través de un protocolo de aplicación local","isExample":false,"groupingId":"-str-extension"},{"extension":[{"url":"http://hl7.org/fhir/tools/StructureDefinition/resource-sort","valueInteger":999999999},{"url":"http://hl7.org/fhir/StructureDefinition/implementationguide-page","valueUri":"StructureDefinition-motivo-solicitud-hospitalizacion.html"}],"reference":{"reference":"StructureDefinition/motivo-solicitud-hospitalizacion"},"name":"Motivo Solicitud Hospitalización","description":"Extensión para motivo de solicitud de hospitalización","isExample":false,"groupingId":"-str-extension"},{"extension":[{"url":"http://hl7.org/fhir/tools/StructureDefinition/resource-sort","valueInteger":999999999},{"url":"http://hl7.org/fhir/StructureDefinition/implementationguide-page","valueUri":"StructureDefinition-NivelInstruccion.html"}],"reference":{"reference":"StructureDefinition/NivelInstruccion"},"name":"Nivel Instruccion","description":"El nivel de instrucción se refiere al último año aprobado en el ciclo de educación más avanzado que declare haber cursado la persona en el Sistema Educativo.","isExample":false,"groupingId":"-str-extension"},{"extension":[{"url":"http://hl7.org/fhir/tools/StructureDefinition/resource-sort","valueInteger":999999999},{"url":"http://hl7.org/fhir/StructureDefinition/implementationguide-page","valueUri":"StructureDefinition-precauciones-solicitud-hospitalizacion.html"}],"reference":{"reference":"StructureDefinition/precauciones-solicitud-hospitalizacion"},"name":"Precauciones Solicitud Hospitalización","description":"Extensión para motivo de solicitud de hospitalización","isExample":false,"groupingId":"-str-extension"},{"extension":[{"url":"http://hl7.org/fhir/tools/StructureDefinition/resource-sort","valueInteger":999999999},{"url":"http://hl7.org/fhir/StructureDefinition/implementationguide-page","valueUri":"StructureDefinition-SegundoApellido.html"}],"reference":{"reference":"StructureDefinition/SegundoApellido"},"name":"Segundo Apellido","description":"Segundo Apellido","isExample":false,"groupingId":"-str-extension"},{"extension":[{"url":"http://hl7.org/fhir/tools/StructureDefinition/resource-sort","valueInteger":999999999},{"url":"http://hl7.org/fhir/StructureDefinition/implementationguide-page","valueUri":"StructureDefinition-SexoReg.html"}],"reference":{"reference":"StructureDefinition/SexoReg"},"name":"Sexo Registral","description":"Extensión para dato es de del sexo registrado oficialmente por el/la paciente","isExample":false,"groupingId":"-str-extension"},{"extension":[{"url":"http://hl7.org/fhir/tools/StructureDefinition/resource-sort","valueInteger":999999999},{"url":"http://hl7.org/fhir/StructureDefinition/implementationguide-page","valueUri":"StructureDefinition-SexoNacimiento820.html"}],"reference":{"reference":"StructureDefinition/SexoNacimiento820"},"name":"Sexo biológico al nacer","description":"Extensión de Sexdo biológico al nacer para Chile","isExample":false,"groupingId":"-str-extension"},{"extension":[{"url":"http://hl7.org/fhir/tools/StructureDefinition/resource-sort","valueInteger":999999999},{"url":"http://hl7.org/fhir/StructureDefinition/implementationguide-page","valueUri":"StructureDefinition-TipoViaDireccion.html"}],"reference":{"reference":"StructureDefinition/TipoViaDireccion"},"name":"Tipo Vía Dirección","description":"Extensión para definir el tipo de vía en la dirección del paciente","isExample":false,"groupingId":"-str-extension"},{"extension":[{"url":"http://hl7.org/fhir/tools/StructureDefinition/resource-sort","valueInteger":999999999},{"url":"http://hl7.org/fhir/StructureDefinition/implementationguide-page","valueUri":"StructureDefinition-Discapacidad.html"}],"reference":{"reference":"StructureDefinition/Discapacidad"},"name":"Tipo de discapacidad","description":"Extensión para el tipo de discapacidad","isExample":false,"groupingId":"-str-extension"},{"extension":[{"url":"http://hl7.org/fhir/tools/StructureDefinition/resource-sort","valueInteger":999999999},{"url":"http://hl7.org/fhir/StructureDefinition/implementationguide-page","valueUri":"StructureDefinition-unidad-clinica-origen.html"}],"reference":{"reference":"StructureDefinition/unidad-clinica-origen"},"name":"Unidad Clínica Origen","description":"Extensión para indicar la referencia a la unidad clínica origen de la hospitalización","isExample":false,"groupingId":"-str-extension"},{"extension":[{"url":"http://hl7.org/fhir/tools/StructureDefinition/resource-sort","valueInteger":999999999},{"url":"http://hl7.org/fhir/StructureDefinition/implementationguide-page","valueUri":"ValueSet-VSCodigoPaises.html"}],"reference":{"reference":"ValueSet/VSCodigoPaises"},"name":"Codigo Paises","description":"ValueSet de Códigos de Paises según ISO 3166-1","isExample":false,"groupingId":"-term-valueset"},{"extension":[{"url":"http://hl7.org/fhir/tools/StructureDefinition/resource-sort","valueInteger":999999999},{"url":"http://hl7.org/fhir/StructureDefinition/implementationguide-page","valueUri":"ValueSet-VSEspecialidadMedica.html"}],"reference":{"reference":"ValueSet/VSEspecialidadMedica"},"name":"Codigos de especialidades médicas","description":"Códigos de especialidades médicas","isExample":false,"groupingId":"-term-valueset"},{"extension":[{"url":"http://hl7.org/fhir/tools/StructureDefinition/resource-sort","valueInteger":999999999},{"url":"http://hl7.org/fhir/StructureDefinition/implementationguide-page","valueUri":"ValueSet-VSComplejidad.html"}],"reference":{"reference":"ValueSet/VSComplejidad"},"name":"Complejidad","description":"Códigos para identificar la complejidad HLF","isExample":false,"groupingId":"-term-valueset"},{"extension":[{"url":"http://hl7.org/fhir/tools/StructureDefinition/resource-sort","valueInteger":999999999},{"url":"http://hl7.org/fhir/StructureDefinition/implementationguide-page","valueUri":"ValueSet-VSSexoBiologico.html"}],"reference":{"reference":"ValueSet/VSSexoBiologico"},"name":"Códigos para sexo biológico en Chile","description":"Códigos para sexo biológico en Chile según tabla 820.","isExample":false,"groupingId":"-term-valueset"},{"extension":[{"url":"http://hl7.org/fhir/tools/StructureDefinition/resource-sort","valueInteger":999999999},{"url":"http://hl7.org/fhir/StructureDefinition/implementationguide-page","valueUri":"ValueSet-VSDiagnosticoCie10.html"}],"reference":{"reference":"ValueSet/VSDiagnosticoCie10"},"name":"Diagnostico o Condición Mórbida de paciente","description":"Definición de diagnóstico o condición mórbida del paciente, definido en CIE-10","isExample":false,"groupingId":"-term-valueset"},{"extension":[{"url":"http://hl7.org/fhir/tools/StructureDefinition/resource-sort","valueInteger":999999999},{"url":"http://hl7.org/fhir/StructureDefinition/implementationguide-page","valueUri":"ValueSet-VSDireccionTipoVia.html"}],"reference":{"reference":"ValueSet/VSDireccionTipoVia"},"name":"Dirección Tipo Vía","description":"ValueSet de Código de tipo de vía según norma técnica 820 'Estándares de Información de Salud' del Departamento de Estadística e Información de Salud del Ministerio de Salud de Chile","isExample":false,"groupingId":"-term-valueset"},{"extension":[{"url":"http://hl7.org/fhir/tools/StructureDefinition/resource-sort","valueInteger":999999999},{"url":"http://hl7.org/fhir/StructureDefinition/implementationguide-page","valueUri":"ValueSet-VSDiscapacidad.html"}],"reference":{"reference":"ValueSet/VSDiscapacidad"},"name":"Discapacidad","description":"Valueset de Discapacidad","isExample":false,"groupingId":"-term-valueset"},{"extension":[{"url":"http://hl7.org/fhir/tools/StructureDefinition/resource-sort","valueInteger":999999999},{"url":"http://hl7.org/fhir/StructureDefinition/implementationguide-page","valueUri":"ValueSet-VSIdentidadGenero.html"}],"reference":{"reference":"ValueSet/VSIdentidadGenero"},"name":"Identidad de Género","description":"Códigos para Identidad de Género DEIS","isExample":false,"groupingId":"-term-valueset"},{"extension":[{"url":"http://hl7.org/fhir/tools/StructureDefinition/resource-sort","valueInteger":999999999},{"url":"http://hl7.org/fhir/StructureDefinition/implementationguide-page","valueUri":"ValueSet-VSMotivoSolicitudHosp.html"}],"reference":{"reference":"ValueSet/VSMotivoSolicitudHosp"},"name":"Motivo Solicitud Hospitalización","description":"ValueSet para el motivo de solicitud de hospitalización","isExample":false,"groupingId":"-term-valueset"},{"extension":[{"url":"http://hl7.org/fhir/tools/StructureDefinition/resource-sort","valueInteger":999999999},{"url":"http://hl7.org/fhir/StructureDefinition/implementationguide-page","valueUri":"ValueSet-VSOcupacionesDet.html"}],"reference":{"reference":"ValueSet/VSOcupacionesDet"},"name":"Ocupaciones Detalladas","description":"Código asociados a el detalle de las ocupaciones de un paciente","isExample":false,"groupingId":"-term-valueset"},{"extension":[{"url":"http://hl7.org/fhir/tools/StructureDefinition/resource-sort","valueInteger":999999999},{"url":"http://hl7.org/fhir/StructureDefinition/implementationguide-page","valueUri":"ValueSet-VSPrecaucionesHospitalizacion.html"}],"reference":{"reference":"ValueSet/VSPrecaucionesHospitalizacion"},"name":"Precauciones Hospitalización","description":"ValueSet para el tipo de precauciones de hospitalización que se deben tomar para un paciente","isExample":false,"groupingId":"-term-valueset"},{"extension":[{"url":"http://hl7.org/fhir/tools/StructureDefinition/resource-sort","valueInteger":999999999},{"url":"http://hl7.org/fhir/StructureDefinition/implementationguide-page","valueUri":"ValueSet-VSPrevision.html"}],"reference":{"reference":"ValueSet/VSPrevision"},"name":"Prevision del Paciente","description":"Tipos de previsión declaradas en Chile","isExample":false,"groupingId":"-term-valueset"},{"extension":[{"url":"http://hl7.org/fhir/tools/StructureDefinition/resource-sort","valueInteger":999999999},{"url":"http://hl7.org/fhir/StructureDefinition/implementationguide-page","valueUri":"ValueSet-VSPuebloIndigena.html"}],"reference":{"reference":"ValueSet/VSPuebloIndigena"},"name":"Pueblo Indígena u Originarioi","description":"Los Pueblos Indígenas u Originarios en Chile, son los descendientes de las agrupaciones humanas que existen en el territorio nacional desde tiempos precolombinos","isExample":false,"groupingId":"-term-valueset"},{"extension":[{"url":"http://hl7.org/fhir/tools/StructureDefinition/resource-sort","valueInteger":999999999},{"url":"http://hl7.org/fhir/StructureDefinition/implementationguide-page","valueUri":"ValueSet-VSReligion.html"}],"reference":{"reference":"ValueSet/VSReligion"},"name":"Religiones o Cultos","description":"Códigos de Religiones o Cultos declarados","isExample":false,"groupingId":"-term-valueset"},{"extension":[{"url":"http://hl7.org/fhir/tools/StructureDefinition/resource-sort","valueInteger":999999999},{"url":"http://hl7.org/fhir/StructureDefinition/implementationguide-page","valueUri":"ValueSet-TPUR.html"}],"reference":{"reference":"ValueSet/TPUR"},"name":"Tipo de urgencia","description":"ValueSet Tipo de urgencia","isExample":false,"groupingId":"-term-valueset"},{"extension":[{"url":"http://hl7.org/fhir/tools/StructureDefinition/resource-sort","valueInteger":999999999},{"url":"http://hl7.org/fhir/StructureDefinition/implementationguide-page","valueUri":"ValueSet-VSTiposDocumentos.html"}],"reference":{"reference":"ValueSet/VSTiposDocumentos"},"name":"Tipos de Documentos","description":"Tipos de Documentos para identificación según tabla HL7 V3 y CodeSystem local.","isExample":false,"groupingId":"-term-valueset"},{"extension":[{"url":"http://hl7.org/fhir/tools/StructureDefinition/resource-sort","valueInteger":999999999},{"url":"http://hl7.org/fhir/StructureDefinition/implementationguide-page","valueUri":"ValueSet-VSUCursoAprobado.html"}],"reference":{"reference":"ValueSet/VSUCursoAprobado"},"name":"Ultimo Curso Aprobado","description":"Categoría del último curso aprobado","isExample":false,"groupingId":"-term-valueset"},{"extension":[{"url":"http://hl7.org/fhir/tools/StructureDefinition/resource-sort","valueInteger":999999999},{"url":"http://hl7.org/fhir/StructureDefinition/implementationguide-page","valueUri":"ValueSet-VSOcupaciones.html"}],"reference":{"reference":"ValueSet/VSOcupaciones"},"name":"Ultimo nivel aprobado","description":"Código del último nivel aprobado","isExample":false,"groupingId":"-term-valueset"},{"extension":[{"url":"http://hl7.org/fhir/tools/StructureDefinition/resource-sort","valueInteger":999999999},{"url":"http://hl7.org/fhir/StructureDefinition/implementationguide-page","valueUri":"ValueSet-VSUNivelAprob.html"}],"reference":{"reference":"ValueSet/VSUNivelAprob"},"name":"Ultimo nivel aprobado","description":"Código del último nivel aprobado","isExample":false,"groupingId":"-term-valueset"},{"extension":[{"url":"http://hl7.org/fhir/tools/StructureDefinition/resource-sort","valueInteger":999999999},{"url":"http://hl7.org/fhir/StructureDefinition/implementationguide-page","valueUri":"CodeSystem-CTOC.html"}],"reference":{"reference":"CodeSystem/CTOC"},"name":"Categoría ocupacional","description":"Categoría ocupacional","isExample":false,"groupingId":"-term-codesystem"},{"extension":[{"url":"http://hl7.org/fhir/tools/StructureDefinition/resource-sort","valueInteger":999999999},{"url":"http://hl7.org/fhir/StructureDefinition/implementationguide-page","valueUri":"CodeSystem-CSComplejidad.html"}],"reference":{"reference":"CodeSystem/CSComplejidad"},"name":"Complejidad","description":"Códigos para identificar la complejidad HLF","isExample":false,"groupingId":"-term-codesystem"},{"extension":[{"url":"http://hl7.org/fhir/tools/StructureDefinition/resource-sort","valueInteger":999999999},{"url":"http://hl7.org/fhir/StructureDefinition/implementationguide-page","valueUri":"CodeSystem-CMDR.html"}],"reference":{"reference":"CodeSystem/CMDR"},"name":"Complemento de dirección","description":"Complemento de dirección","isExample":false,"groupingId":"-term-codesystem"},{"extension":[{"url":"http://hl7.org/fhir/tools/StructureDefinition/resource-sort","valueInteger":999999999},{"url":"http://hl7.org/fhir/StructureDefinition/implementationguide-page","valueUri":"CodeSystem-CMES.html"}],"reference":{"reference":"CodeSystem/CMES"},"name":"Consulta médica especialidad","description":"Consulta médica especialidad","isExample":false,"groupingId":"-term-codesystem"},{"extension":[{"url":"http://hl7.org/fhir/tools/StructureDefinition/resource-sort","valueInteger":999999999},{"url":"http://hl7.org/fhir/StructureDefinition/implementationguide-page","valueUri":"CodeSystem-CMGR.html"}],"reference":{"reference":"CodeSystem/CMGR"},"name":"Consulta médica general","description":"Consulta médica general","isExample":false,"groupingId":"-term-codesystem"},{"extension":[{"url":"http://hl7.org/fhir/tools/StructureDefinition/resource-sort","valueInteger":999999999},{"url":"http://hl7.org/fhir/StructureDefinition/implementationguide-page","valueUri":"CodeSystem-COES.html"}],"reference":{"reference":"CodeSystem/COES"},"name":"Consulta odontológica especialidad","description":"Consulta odontológica especialidad","isExample":false,"groupingId":"-term-codesystem"},{"extension":[{"url":"http://hl7.org/fhir/tools/StructureDefinition/resource-sort","valueInteger":999999999},{"url":"http://hl7.org/fhir/StructureDefinition/implementationguide-page","valueUri":"CodeSystem-CBFN.html"}],"reference":{"reference":"CodeSystem/CBFN"},"name":"Código beneficiarios FONASA","description":"Código beneficiarios FONASA","isExample":false,"groupingId":"-term-codesystem"},{"extension":[{"url":"http://hl7.org/fhir/tools/StructureDefinition/resource-sort","valueInteger":999999999},{"url":"http://hl7.org/fhir/StructureDefinition/implementationguide-page","valueUri":"CodeSystem-CSCodigoDNI.html"}],"reference":{"reference":"CodeSystem/CSCodigoDNI"},"name":"Códigos de Documentos DNI para LATAM y el Caribe","description":"Códigos para los DNI de países de America Latina y el Caribe según indicaciones de VS HL7 de V3","isExample":false,"groupingId":"-term-codesystem"},{"extension":[{"url":"http://hl7.org/fhir/tools/StructureDefinition/resource-sort","valueInteger":999999999},{"url":"http://hl7.org/fhir/StructureDefinition/implementationguide-page","valueUri":"CodeSystem-CSEspecialidadMedica.html"}],"reference":{"reference":"CodeSystem/CSEspecialidadMedica"},"name":"Códigos de Especialidad Médica","description":"Códigos de Especialidad Médica utilizados por HLF","isExample":false,"groupingId":"-term-codesystem"},{"extension":[{"url":"http://hl7.org/fhir/tools/StructureDefinition/resource-sort","valueInteger":999999999},{"url":"http://hl7.org/fhir/StructureDefinition/implementationguide-page","valueUri":"CodeSystem-CSCie10Prueba.html"}],"reference":{"reference":"CodeSystem/CSCie10Prueba"},"name":"Códigos de ejemplo CIE-10","description":"Algunos códigos en CIE-10 para la validación de la guía. La implementación debe considerar contar con un CS a nivel terminológico con la clasificación completa","isExample":false,"groupingId":"-term-codesystem"},{"extension":[{"url":"http://hl7.org/fhir/tools/StructureDefinition/resource-sort","valueInteger":999999999},{"url":"http://hl7.org/fhir/StructureDefinition/implementationguide-page","valueUri":"CodeSystem-CSIdentidadGenero.html"}],"reference":{"reference":"CodeSystem/CSIdentidadGenero"},"name":"Códigos para Identidad de Género","description":"Códigos para Identidad de Género DEIS","isExample":false,"groupingId":"-term-codesystem"},{"extension":[{"url":"http://hl7.org/fhir/tools/StructureDefinition/resource-sort","valueInteger":999999999},{"url":"http://hl7.org/fhir/StructureDefinition/implementationguide-page","valueUri":"CodeSystem-CSSexoBiologico.html"}],"reference":{"reference":"CodeSystem/CSSexoBiologico"},"name":"Códigos para Sexo de Nacimiento de Paciente","description":"Codigos definidos para el sexo de nacimiento de un paciente en Chile","isExample":false,"groupingId":"-term-codesystem"},{"extension":[{"url":"http://hl7.org/fhir/tools/StructureDefinition/resource-sort","valueInteger":999999999},{"url":"http://hl7.org/fhir/StructureDefinition/implementationguide-page","valueUri":"CodeSystem-CSDireccionTipoVia.html"}],"reference":{"reference":"CodeSystem/CSDireccionTipoVia"},"name":"Dirección Tipo Vía","description":"Código de tipo de vía según norma técnica 820 'Estándares de Información de Salud' del Departamento de Estadística e Información de Salud del Ministerio de Salud de Chile","isExample":false,"groupingId":"-term-codesystem"},{"extension":[{"url":"http://hl7.org/fhir/tools/StructureDefinition/resource-sort","valueInteger":999999999},{"url":"http://hl7.org/fhir/StructureDefinition/implementationguide-page","valueUri":"CodeSystem-DSCP.html"}],"reference":{"reference":"CodeSystem/DSCP"},"name":"Discapacidad","description":"Discapacidad","isExample":false,"groupingId":"-term-codesystem"},{"extension":[{"url":"http://hl7.org/fhir/tools/StructureDefinition/resource-sort","valueInteger":999999999},{"url":"http://hl7.org/fhir/StructureDefinition/implementationguide-page","valueUri":"CodeSystem-CSEstadoCivil.html"}],"reference":{"reference":"CodeSystem/CSEstadoCivil"},"name":"Estado Civil","description":"El estado civil es la situación de un individuo en la sociedad, que deriva principalmente de sus relaciones de familia, y que lo habilita para ejercer derechos y contraer obligaciones civiles.","isExample":false,"groupingId":"-term-codesystem"},{"extension":[{"url":"http://hl7.org/fhir/tools/StructureDefinition/resource-sort","valueInteger":999999999},{"url":"http://hl7.org/fhir/StructureDefinition/implementationguide-page","valueUri":"CodeSystem-CSMotivoSolicitudHosp.html"}],"reference":{"reference":"CodeSystem/CSMotivoSolicitudHosp"},"name":"Motivo Solicitud Hospitalización","description":"Códigos para el motivo de solicitud de hospitalización","isExample":false,"groupingId":"-term-codesystem"},{"extension":[{"url":"http://hl7.org/fhir/tools/StructureDefinition/resource-sort","valueInteger":999999999},{"url":"http://hl7.org/fhir/StructureDefinition/implementationguide-page","valueUri":"CodeSystem-CSOcupacionesDet.html"}],"reference":{"reference":"CodeSystem/CSOcupacionesDet"},"name":"Ocupaciones Detalladas","description":"Código asociados a el detalle de las ocupaciones de un paciente","isExample":false,"groupingId":"-term-codesystem"},{"extension":[{"url":"http://hl7.org/fhir/tools/StructureDefinition/resource-sort","valueInteger":999999999},{"url":"http://hl7.org/fhir/StructureDefinition/implementationguide-page","valueUri":"CodeSystem-CSOcupaciones.html"}],"reference":{"reference":"CodeSystem/CSOcupaciones"},"name":"Ocupaciones Paciente","description":"Código asociados a la Ocupación del paciente","isExample":false,"groupingId":"-term-codesystem"},{"extension":[{"url":"http://hl7.org/fhir/tools/StructureDefinition/resource-sort","valueInteger":999999999},{"url":"http://hl7.org/fhir/StructureDefinition/implementationguide-page","valueUri":"CodeSystem-CSPrecaucionesHospitalizacion.html"}],"reference":{"reference":"CodeSystem/CSPrecaucionesHospitalizacion"},"name":"Precauciones Hospitalización","description":"Opciones del tipo de precauciones de hospitalización que se deben tomar para un paciente","isExample":false,"groupingId":"-term-codesystem"},{"extension":[{"url":"http://hl7.org/fhir/tools/StructureDefinition/resource-sort","valueInteger":999999999},{"url":"http://hl7.org/fhir/StructureDefinition/implementationguide-page","valueUri":"CodeSystem-CSPrevision.html"}],"reference":{"reference":"CodeSystem/CSPrevision"},"name":"Prevision del Paciente","description":"Tipos de previsión declaradas en Chile","isExample":false,"groupingId":"-term-codesystem"},{"extension":[{"url":"http://hl7.org/fhir/tools/StructureDefinition/resource-sort","valueInteger":999999999},{"url":"http://hl7.org/fhir/StructureDefinition/implementationguide-page","valueUri":"CodeSystem-CSPuebloIndigena.html"}],"reference":{"reference":"CodeSystem/CSPuebloIndigena"},"name":"Pueblo Indígena u Originarioi","description":"Los Pueblos Indígenas u Originarios en Chile, son los descendientes de las agrupaciones humanas que existen en el territorio nacional desde tiempos precolombinos","isExample":false,"groupingId":"-term-codesystem"},{"extension":[{"url":"http://hl7.org/fhir/tools/StructureDefinition/resource-sort","valueInteger":999999999},{"url":"http://hl7.org/fhir/StructureDefinition/implementationguide-page","valueUri":"CodeSystem-CSReligion.html"}],"reference":{"reference":"CodeSystem/CSReligion"},"name":"Religiones o Cultos","description":"Códigos de Religiones o Cultos declarados","isExample":false,"groupingId":"-term-codesystem"},{"extension":[{"url":"http://hl7.org/fhir/tools/StructureDefinition/resource-sort","valueInteger":999999999},{"url":"http://hl7.org/fhir/StructureDefinition/implementationguide-page","valueUri":"CodeSystem-TPUR.html"}],"reference":{"reference":"CodeSystem/TPUR"},"name":"Tipo de urgencia","description":"Tipo de urgencia","isExample":false,"groupingId":"-term-codesystem"},{"extension":[{"url":"http://hl7.org/fhir/tools/StructureDefinition/resource-sort","valueInteger":999999999},{"url":"http://hl7.org/fhir/StructureDefinition/implementationguide-page","valueUri":"CodeSystem-CSUCursoAprobado.html"}],"reference":{"reference":"CodeSystem/CSUCursoAprobado"},"name":"Ultimo Curso Aprobado","description":"Categoría del último curso aprobado","isExample":false,"groupingId":"-term-codesystem"},{"extension":[{"url":"http://hl7.org/fhir/tools/StructureDefinition/resource-sort","valueInteger":999999999},{"url":"http://hl7.org/fhir/StructureDefinition/implementationguide-page","valueUri":"CodeSystem-CSUNivelAprob.html"}],"reference":{"reference":"CodeSystem/CSUNivelAprob"},"name":"Ultimo nivel aprobado","description":"Código del último nivel aprobado","isExample":false,"groupingId":"-term-codesystem"},{"extension":[{"url":"http://hl7.org/fhir/tools/StructureDefinition/resource-sort","valueInteger":999999999},{"url":"http://hl7.org/fhir/StructureDefinition/implementationguide-page","valueUri":"CodeSystem-AUCS.html"}],"reference":{"reference":"CodeSystem/AUCS"},"name":"Área urbano censal","description":"Área urbano censal","isExample":false,"groupingId":"-term-codesystem"},{"extension":[{"url":"http://hl7.org/fhir/tools/StructureDefinition/resource-sort","valueInteger":999999999},{"url":"http://hl7.org/fhir/StructureDefinition/implementationguide-page","valueUri":"Condition-EjDiagnosticoCondHLfIMAGINARIO1.html"}],"reference":{"reference":"Condition/EjDiagnosticoCondHLfIMAGINARIO1"},"name":"Ejemplo Diagnósticos1 y Condiciones Mórbidas del Paciente","description":"Ejemplo Diagnósticos1 y Condiciones Mórbidas del Paciente","profile":["https://hospitallaflorida.cl/fhir/hlfhosp/StructureDefinition/DiagnosticoCondHLf"],"groupingId":"-ex-example"},{"extension":[{"url":"http://hl7.org/fhir/tools/StructureDefinition/resource-sort","valueInteger":999999999},{"url":"http://hl7.org/fhir/StructureDefinition/implementationguide-page","valueUri":"Condition-EjDiagnosticoCondHLfIMAGINARIO2.html"}],"reference":{"reference":"Condition/EjDiagnosticoCondHLfIMAGINARIO2"},"name":"Ejemplo Diagnósticos1 y Condiciones Mórbidas del Paciente","description":"Ejemplo Diagnósticos1 y Condiciones Mórbidas del Paciente","profile":["https://hospitallaflorida.cl/fhir/hlfhosp/StructureDefinition/DiagnosticoCondHLf"],"groupingId":"-ex-example"},{"extension":[{"url":"http://hl7.org/fhir/tools/StructureDefinition/resource-sort","valueInteger":999999999},{"url":"http://hl7.org/fhir/StructureDefinition/implementationguide-page","valueUri":"Condition-EjDiagnosticoCondHLfIMAGINARIO3.html"}],"reference":{"reference":"Condition/EjDiagnosticoCondHLfIMAGINARIO3"},"name":"Ejemplo Diagnósticos3 y Condiciones Mórbidas del Paciente","description":"Ejemplo Diagnósticos3 y Condiciones Mórbidas del Paciente","profile":["https://hospitallaflorida.cl/fhir/hlfhosp/StructureDefinition/DiagnosticoCondHLf"],"groupingId":"-ex-example"},{"extension":[{"url":"http://hl7.org/fhir/tools/StructureDefinition/resource-sort","valueInteger":999999999},{"url":"http://hl7.org/fhir/StructureDefinition/implementationguide-page","valueUri":"Patient-007.html"}],"reference":{"reference":"Patient/007"},"name":"Ejemplo Paciente HLF 1","description":"Paciente ficticio según datos requeridos por Hospital que contiene: \n     * sin sistema de validación \\\"http://regcivil.cl/Validacion/RUN\\\" ficticio , \n     * cuyo nombre se decribe mediante el oficial y uno social. \n     * La dirección tampoco es Real.\n     * Se agrega al paciente un acompañante patiente\n     * La dirección se declara con códigos por extensión.\n     * Se agrega identidad de género y sexo registral\n     * Se declara sexo de nacimiento","profile":["https://hospitallaflorida.cl/fhir/hlfhosp/StructureDefinition/PacienteHLF"],"groupingId":"-ex-example"},{"extension":[{"url":"http://hl7.org/fhir/tools/StructureDefinition/resource-sort","valueInteger":999999999},{"url":"http://hl7.org/fhir/StructureDefinition/implementationguide-page","valueUri":"Patient-008.html"}],"reference":{"reference":"Patient/008"},"name":"Ejemplo Paciente HLF 2","description":"Paciente ficticio según datos requeridos por Hospital que contiene: \n     * sin sistema de validación \\\"http://regcivil.cl/Validacion/RUN\\\" ficticio , \n     * cuyo nombre se decribe mediante el oficial y uno social. \n     * La dirección tampoco es Real.\n     * Se agrega al paciente un acompañante patiente\n     * La dirección se declara con códigos por extensión.\n     * Se agrega identidad de género y sexo registral\n     * Se declara sexo de nacimiento","profile":["https://hospitallaflorida.cl/fhir/hlfhosp/StructureDefinition/PacienteHLF"],"groupingId":"-ex-example"},{"extension":[{"url":"http://hl7.org/fhir/tools/StructureDefinition/resource-sort","valueInteger":999999999},{"url":"http://hl7.org/fhir/StructureDefinition/implementationguide-page","valueUri":"Patient-009.html"}],"reference":{"reference":"Patient/009"},"name":"Ejemplo Paciente HLF 3","description":"Paciente ficticio según datos requeridos por Hospital que contiene: \n     * sin sistema de validación \\\"http://regcivil.cl/Validacion/RUN\\\" ficticio , \n     * cuyo nombre se decribe mediante el oficial y uno social. \n     * La dirección tampoco es Real.\n     * Se agrega al paciente un acompañante patiente\n     * La dirección se declara con códigos por extensión.\n     * Se agrega identidad de género y sexo registral\n     * Se declara sexo de nacimiento","profile":["https://hospitallaflorida.cl/fhir/hlfhosp/StructureDefinition/PacienteHLF"],"groupingId":"-ex-example"},{"extension":[{"url":"http://hl7.org/fhir/tools/StructureDefinition/resource-sort","valueInteger":999999999},{"url":"http://hl7.org/fhir/StructureDefinition/implementationguide-page","valueUri":"ServiceRequest-EjSolicitudHospitalizacion.html"}],"reference":{"reference":"ServiceRequest/EjSolicitudHospitalizacion"},"name":"Ejemplo Solicitud Hospitalizacion","description":"Ejemplo Solicitud Hospitalizacion","profile":["https://hospitallaflorida.cl/fhir/hlfhosp/StructureDefinition/solicitud-hospitalizacion"],"groupingId":"-ex-example"},{"extension":[{"url":"http://hl7.org/fhir/tools/StructureDefinition/resource-sort","valueInteger":999999999},{"url":"http://hl7.org/fhir/StructureDefinition/implementationguide-page","valueUri":"HealthcareService-EjUnidadClinicaHLFIMAGINARIO.html"}],"reference":{"reference":"HealthcareService/EjUnidadClinicaHLFIMAGINARIO"},"name":"Ejemplo Unidad ClinicaHLF","description":"Ejemplo Unidad ClinicaHLF","profile":["https://hospitallaflorida.cl/fhir/hlfhosp/StructureDefinition/unidad-clinica-hlf"],"groupingId":"-ex-example"},{"extension":[{"url":"http://hl7.org/fhir/tools/StructureDefinition/resource-sort","valueInteger":999999999},{"url":"http://hl7.org/fhir/StructureDefinition/implementationguide-page","valueUri":"Observation-EjOcupacion2.html"}],"reference":{"reference":"Observation/EjOcupacion2"},"name":"Ejemplo de Ocupación 2 del Paciente","description":"Ejemplo 2 para el uso de un recurso de Observación asociado a la Ocupación  de un paciente HLF","profile":["https://hospitallaflorida.cl/fhir/hlfhosp/StructureDefinition/Ocupaciones"],"groupingId":"-ex-example"},{"extension":[{"url":"http://hl7.org/fhir/tools/StructureDefinition/resource-sort","valueInteger":999999999},{"url":"http://hl7.org/fhir/StructureDefinition/implementationguide-page","valueUri":"Observation-EjOcupacion3.html"}],"reference":{"reference":"Observation/EjOcupacion3"},"name":"Ejemplo de Ocupación 3 del Paciente","description":"Ejemplo 2 para el uso de un recurso de Observación asociado a la Ocupación  de un paciente HLF","profile":["https://hospitallaflorida.cl/fhir/hlfhosp/StructureDefinition/Ocupaciones"],"groupingId":"-ex-example"},{"extension":[{"url":"http://hl7.org/fhir/tools/StructureDefinition/resource-sort","valueInteger":999999999},{"url":"http://hl7.org/fhir/StructureDefinition/implementationguide-page","valueUri":"Observation-EjOcupacion.html"}],"reference":{"reference":"Observation/EjOcupacion"},"name":"Ejemplo de Ocupación del Paciente","description":"Ejemplo para el uso de un recurso de Observación asociado a la Ocupación  de un paciente HLF","profile":["https://hospitallaflorida.cl/fhir/hlfhosp/StructureDefinition/Ocupaciones"],"groupingId":"-ex-example"},{"extension":[{"url":"http://hl7.org/fhir/tools/StructureDefinition/resource-sort","valueInteger":999999999},{"url":"http://hl7.org/fhir/StructureDefinition/implementationguide-page","valueUri":"Observation-EjNivEduca.html"}],"reference":{"reference":"Observation/EjNivEduca"},"name":"Ejemplo de nivel educacional de paciente","description":"Ejemplo para el uso de un recurso de Observación asociado a Nivel educacional de un paciente HLF","profile":["https://hospitallaflorida.cl/fhir/hlfhosp/StructureDefinition/Educacion"],"groupingId":"-ex-example"},{"extension":[{"url":"http://hl7.org/fhir/tools/StructureDefinition/resource-sort","valueInteger":999999999},{"url":"http://hl7.org/fhir/StructureDefinition/implementationguide-page","valueUri":"Encounter-EjRegistroAtencionIMAGINARIO.html"}],"reference":{"reference":"Encounter/EjRegistroAtencionIMAGINARIO"},"name":"Ejemplo1 Registro atencion Paciente","description":"Ejemplo1 Registro atencion Paciente","profile":["https://hospitallaflorida.cl/fhir/hlfhosp/StructureDefinition/registro-atencion"],"groupingId":"-ex-example"},{"extension":[{"url":"http://hl7.org/fhir/tools/StructureDefinition/resource-sort","valueInteger":999999999},{"url":"http://hl7.org/fhir/StructureDefinition/implementationguide-page","valueUri":"Observation-EjPesoRecienNacido1.html"}],"reference":{"reference":"Observation/EjPesoRecienNacido1"},"name":"Ejemplo1 de Peso Pediátrico","description":"Ejemplo1 para el uso de un recurso de Observación asociado al peso medido al momento de nacer","profile":["https://hospitallaflorida.cl/fhir/hlfhosp/StructureDefinition/ObsPesoPediatrico"],"groupingId":"-ex-example"},{"extension":[{"url":"http://hl7.org/fhir/tools/StructureDefinition/resource-sort","valueInteger":999999999},{"url":"http://hl7.org/fhir/StructureDefinition/implementationguide-page","valueUri":"Coverage-EjPrevision1.html"}],"reference":{"reference":"Coverage/EjPrevision1"},"name":"Ejemplo1 previsión del paciente","description":"Ejemplo1 para la previsión del paciente","profile":["https://hospitallaflorida.cl/fhir/hlfhosp/StructureDefinition/Prevision"],"groupingId":"-ex-example"},{"extension":[{"url":"http://hl7.org/fhir/tools/StructureDefinition/resource-sort","valueInteger":999999999},{"url":"http://hl7.org/fhir/StructureDefinition/implementationguide-page","valueUri":"Encounter-EjRegistroAtencion2.html"}],"reference":{"reference":"Encounter/EjRegistroAtencion2"},"name":"Ejemplo2 Registro atencion Paciente","description":"Ejemplo2 Registro atencion Paciente","profile":["https://hospitallaflorida.cl/fhir/hlfhosp/StructureDefinition/registro-atencion"],"groupingId":"-ex-example"},{"extension":[{"url":"http://hl7.org/fhir/tools/StructureDefinition/resource-sort","valueInteger":999999999},{"url":"http://hl7.org/fhir/StructureDefinition/implementationguide-page","valueUri":"Observation-EjPesoRecienNacido2.html"}],"reference":{"reference":"Observation/EjPesoRecienNacido2"},"name":"Ejemplo2 de Peso Pediátrico","description":"Ejemplo2 para el uso de un recurso de Observación asociado al peso medido al momento de nacer","profile":["https://hospitallaflorida.cl/fhir/hlfhosp/StructureDefinition/ObsPesoPediatrico"],"groupingId":"-ex-example"},{"extension":[{"url":"http://hl7.org/fhir/tools/StructureDefinition/resource-sort","valueInteger":999999999},{"url":"http://hl7.org/fhir/StructureDefinition/implementationguide-page","valueUri":"Observation-EjNivEduca2.html"}],"reference":{"reference":"Observation/EjNivEduca2"},"name":"Ejemplo2 de nivel educacional de paciente","description":"Ejemplo2 para el uso de un recurso de Observación asociado a Nivel educacional de un paciente HLF","profile":["https://hospitallaflorida.cl/fhir/hlfhosp/StructureDefinition/Educacion"],"groupingId":"-ex-example"},{"extension":[{"url":"http://hl7.org/fhir/tools/StructureDefinition/resource-sort","valueInteger":999999999},{"url":"http://hl7.org/fhir/StructureDefinition/implementationguide-page","valueUri":"Coverage-EjPrevision2.html"}],"reference":{"reference":"Coverage/EjPrevision2"},"name":"Ejemplo2 previsión del paciente","description":"Ejemplo2 para la previsión del paciente","profile":["https://hospitallaflorida.cl/fhir/hlfhosp/StructureDefinition/Prevision"],"groupingId":"-ex-example"},{"extension":[{"url":"http://hl7.org/fhir/tools/StructureDefinition/resource-sort","valueInteger":999999999},{"url":"http://hl7.org/fhir/StructureDefinition/implementationguide-page","valueUri":"Encounter-EjRegistroAtencion3.html"}],"reference":{"reference":"Encounter/EjRegistroAtencion3"},"name":"Ejemplo3 Registro atencion Paciente","description":"Ejemplo3 Registro atencion Paciente","profile":["https://hospitallaflorida.cl/fhir/hlfhosp/StructureDefinition/registro-atencion"],"groupingId":"-ex-example"},{"extension":[{"url":"http://hl7.org/fhir/tools/StructureDefinition/resource-sort","valueInteger":999999999},{"url":"http://hl7.org/fhir/StructureDefinition/implementationguide-page","valueUri":"Observation-EjPesoRecienNacido3.html"}],"reference":{"reference":"Observation/EjPesoRecienNacido3"},"name":"Ejemplo3 de Peso Pediátrico","description":"Ejemplo3 para el uso de un recurso de Observación asociado al peso medido al momento de nacer","profile":["https://hospitallaflorida.cl/fhir/hlfhosp/StructureDefinition/ObsPesoPediatrico"],"groupingId":"-ex-example"},{"extension":[{"url":"http://hl7.org/fhir/tools/StructureDefinition/resource-sort","valueInteger":999999999},{"url":"http://hl7.org/fhir/StructureDefinition/implementationguide-page","valueUri":"Observation-EjNivEduca3.html"}],"reference":{"reference":"Observation/EjNivEduca3"},"name":"Ejemplo3 de nivel educacional de paciente","description":"Ejemplo3 para el uso de un recurso de Observación asociado a Nivel educacional de un paciente HLF","profile":["https://hospitallaflorida.cl/fhir/hlfhosp/StructureDefinition/Educacion"],"groupingId":"-ex-example"},{"extension":[{"url":"http://hl7.org/fhir/tools/StructureDefinition/resource-sort","valueInteger":999999999},{"url":"http://hl7.org/fhir/StructureDefinition/implementationguide-page","valueUri":"Coverage-EjPrevision3.html"}],"reference":{"reference":"Coverage/EjPrevision3"},"name":"Ejemplo3 previsión del paciente","description":"Ejemplo3 para la previsión del paciente","profile":["https://hospitallaflorida.cl/fhir/hlfhosp/StructureDefinition/Prevision"],"groupingId":"-ex-example"},{"extension":[{"url":"http://hl7.org/fhir/tools/StructureDefinition/resource-sort","valueInteger":999999999},{"url":"http://hl7.org/fhir/StructureDefinition/implementationguide-page","valueUri":"Parameters-PatchSolicitudHospitalizacionEj.html"}],"reference":{"reference":"Parameters/PatchSolicitudHospitalizacionEj"},"name":"PATCH Solicitud Hospitalizacion","description":"Recurso Parameters para realizar la operación PATCH del recurso ServiceRequest que representa una solicitud de hospitalización.","isExample":true,"groupingId":"-ex-example"}],"page":{"sourceUrl":"toc.html","name":"toc.html","title":"Table of Contents","generation":"html","page":[{"sourceUrl":"index.html","name":"index.html","title":"Home","generation":"markdown"},{"sourceUrl":"proceso-hospitalizacion.html","name":"proceso-hospitalizacion.html","title":"Proceso de Hospitalización","generation":"markdown"},{"sourceUrl":"registro-atencion.html","name":"registro-atencion.html","title":"Registro de Atención","generation":"markdown"},{"sourceUrl":"solicitud-hospitalizacion.html","name":"solicitud-hospitalizacion.html","title":"Solicitud de Hospitalización","generation":"markdown"},{"sourceUrl":"transacciones.html","name":"transacciones.html","title":"Transacciones del Proceso","generation":"markdown"},{"sourceUrl":"artifacts.html","name":"artifacts.html","title":"Artifacts Summary","generation":"html","page":[{"sourceUrl":"SearchParameter-Complejidad.html","name":"SearchParameter-Complejidad.html","title":"Complejidad","generation":"generated"},{"sourceUrl":"SearchParameter-IsPediatrica.html","name":"SearchParameter-IsPediatrica.html","title":"IsPediatrica","generation":"generated"},{"sourceUrl":"StructureDefinition-Ocupaciones.html","name":"StructureDefinition-Ocupaciones.html","title":"Aspectos Laborales","generation":"generated"},{"sourceUrl":"StructureDefinition-BundleSolicitudHLF.html","name":"StructureDefinition-BundleSolicitudHLF.html","title":"BundleSolicitudHLF","generation":"generated"},{"sourceUrl":"StructureDefinition-DiagnosticoCondHLf.html","name":"StructureDefinition-DiagnosticoCondHLf.html","title":"DiagnosticoCondHLf","generation":"generated"},{"sourceUrl":"StructureDefinition-Educacion.html","name":"StructureDefinition-Educacion.html","title":"Nivel Educacional","generation":"generated"},{"sourceUrl":"StructureDefinition-PacienteHLF.html","name":"StructureDefinition-PacienteHLF.html","title":"PacienteHLF","generation":"generated"},{"sourceUrl":"StructureDefinition-ObsPesoPediatrico.html","name":"StructureDefinition-ObsPesoPediatrico.html","title":"Peso medido al momento de nacer","generation":"generated"},{"sourceUrl":"StructureDefinition-Prevision.html","name":"StructureDefinition-Prevision.html","title":"Prevision","generation":"generated"},{"sourceUrl":"StructureDefinition-registro-atencion.html","name":"StructureDefinition-registro-atencion.html","title":"Registro Atencion","generation":"generated"},{"sourceUrl":"StructureDefinition-solicitud-hospitalizacion.html","name":"StructureDefinition-solicitud-hospitalizacion.html","title":"Solicitud Hospitalización","generation":"generated"},{"sourceUrl":"StructureDefinition-unidad-clinica-hlf.html","name":"StructureDefinition-unidad-clinica-hlf.html","title":"Unidad Clinica HLF","generation":"generated"},{"sourceUrl":"StructureDefinition-complejidad-cama.html","name":"StructureDefinition-complejidad-cama.html","title":"Complejidad Cama","generation":"generated"},{"sourceUrl":"StructureDefinition-complejidad-unidad.html","name":"StructureDefinition-complejidad-unidad.html","title":"Complejidad Unidad Clinica HLF","generation":"generated"},{"sourceUrl":"StructureDefinition-CodigoPais.html","name":"StructureDefinition-CodigoPais.html","title":"Código de identificación de país","generation":"generated"},{"sourceUrl":"StructureDefinition-PueblosIndigenas.html","name":"StructureDefinition-PueblosIndigenas.html","title":"Extensión de Pueblos Indígenas u Origenarios","generation":"generated"},{"sourceUrl":"StructureDefinition-unidad-pediatrica.html","name":"StructureDefinition-unidad-pediatrica.html","title":"Extensión para indicar si la Unidad Clinica HLF es pediatrica","generation":"generated"},{"sourceUrl":"StructureDefinition-ReligionesCultos.html","name":"StructureDefinition-ReligionesCultos.html","title":"Extensión que define Religion o Culto","generation":"generated"},{"sourceUrl":"StructureDefinition-IdentidadGenero.html","name":"StructureDefinition-IdentidadGenero.html","title":"Identidad de Género","generation":"generated"},{"sourceUrl":"StructureDefinition-motivo-solicitud-hospitalizacion.html","name":"StructureDefinition-motivo-solicitud-hospitalizacion.html","title":"Motivo Solicitud Hospitalización","generation":"generated"},{"sourceUrl":"StructureDefinition-NivelInstruccion.html","name":"StructureDefinition-NivelInstruccion.html","title":"Nivel Instruccion","generation":"generated"},{"sourceUrl":"StructureDefinition-precauciones-solicitud-hospitalizacion.html","name":"StructureDefinition-precauciones-solicitud-hospitalizacion.html","title":"Precauciones Solicitud Hospitalización","generation":"generated"},{"sourceUrl":"StructureDefinition-SegundoApellido.html","name":"StructureDefinition-SegundoApellido.html","title":"Segundo Apellido","generation":"generated"},{"sourceUrl":"StructureDefinition-SexoNacimiento820.html","name":"StructureDefinition-SexoNacimiento820.html","title":"Sexo biológico al nacer","generation":"generated"},{"sourceUrl":"StructureDefinition-SexoReg.html","name":"StructureDefinition-SexoReg.html","title":"Sexo Registral","generation":"generated"},{"sourceUrl":"StructureDefinition-Discapacidad.html","name":"StructureDefinition-Discapacidad.html","title":"Tipo de discapacidad","generation":"generated"},{"sourceUrl":"StructureDefinition-TipoViaDireccion.html","name":"StructureDefinition-TipoViaDireccion.html","title":"Tipo Vía Dirección","generation":"generated"},{"sourceUrl":"StructureDefinition-unidad-clinica-origen.html","name":"StructureDefinition-unidad-clinica-origen.html","title":"Unidad Clínica Origen","generation":"generated"},{"sourceUrl":"ValueSet-VSCodigoPaises.html","name":"ValueSet-VSCodigoPaises.html","title":"Codigo Paises","generation":"generated"},{"sourceUrl":"ValueSet-VSEspecialidadMedica.html","name":"ValueSet-VSEspecialidadMedica.html","title":"Codigos de especialidades médicas","generation":"generated"},{"sourceUrl":"ValueSet-VSComplejidad.html","name":"ValueSet-VSComplejidad.html","title":"Complejidad","generation":"generated"},{"sourceUrl":"ValueSet-VSSexoBiologico.html","name":"ValueSet-VSSexoBiologico.html","title":"Códigos para sexo biológico en Chile","generation":"generated"},{"sourceUrl":"ValueSet-VSDiagnosticoCie10.html","name":"ValueSet-VSDiagnosticoCie10.html","title":"Diagnostico o Condición Mórbida de paciente","generation":"generated"},{"sourceUrl":"ValueSet-VSDireccionTipoVia.html","name":"ValueSet-VSDireccionTipoVia.html","title":"Dirección Tipo Vía","generation":"generated"},{"sourceUrl":"ValueSet-VSDiscapacidad.html","name":"ValueSet-VSDiscapacidad.html","title":"Discapacidad","generation":"generated"},{"sourceUrl":"ValueSet-VSIdentidadGenero.html","name":"ValueSet-VSIdentidadGenero.html","title":"Identidad de Género","generation":"generated"},{"sourceUrl":"ValueSet-VSMotivoSolicitudHosp.html","name":"ValueSet-VSMotivoSolicitudHosp.html","title":"Motivo Solicitud Hospitalización","generation":"generated"},{"sourceUrl":"ValueSet-VSOcupacionesDet.html","name":"ValueSet-VSOcupacionesDet.html","title":"Ocupaciones Detalladas","generation":"generated"},{"sourceUrl":"ValueSet-VSPrecaucionesHospitalizacion.html","name":"ValueSet-VSPrecaucionesHospitalizacion.html","title":"Precauciones Hospitalización","generation":"generated"},{"sourceUrl":"ValueSet-VSPrevision.html","name":"ValueSet-VSPrevision.html","title":"Prevision del Paciente","generation":"generated"},{"sourceUrl":"ValueSet-VSPuebloIndigena.html","name":"ValueSet-VSPuebloIndigena.html","title":"Pueblo Indígena u Originarioi","generation":"generated"},{"sourceUrl":"ValueSet-VSReligion.html","name":"ValueSet-VSReligion.html","title":"Religiones o Cultos","generation":"generated"},{"sourceUrl":"ValueSet-TPUR.html","name":"ValueSet-TPUR.html","title":"Tipo de urgencia","generation":"generated"},{"sourceUrl":"ValueSet-VSTiposDocumentos.html","name":"ValueSet-VSTiposDocumentos.html","title":"Tipos de Documentos","generation":"generated"},{"sourceUrl":"ValueSet-VSUCursoAprobado.html","name":"ValueSet-VSUCursoAprobado.html","title":"Ultimo Curso Aprobado","generation":"generated"},{"sourceUrl":"ValueSet-VSUNivelAprob.html","name":"ValueSet-VSUNivelAprob.html","title":"Ultimo nivel aprobado","generation":"generated"},{"sourceUrl":"ValueSet-VSOcupaciones.html","name":"ValueSet-VSOcupaciones.html","title":"Ultimo nivel aprobado","generation":"generated"},{"sourceUrl":"CodeSystem-CTOC.html","name":"CodeSystem-CTOC.html","title":"Categoría ocupacional","generation":"generated"},{"sourceUrl":"CodeSystem-CSComplejidad.html","name":"CodeSystem-CSComplejidad.html","title":"Complejidad","generation":"generated"},{"sourceUrl":"CodeSystem-CMDR.html","name":"CodeSystem-CMDR.html","title":"Complemento de dirección","generation":"generated"},{"sourceUrl":"CodeSystem-CMES.html","name":"CodeSystem-CMES.html","title":"Consulta médica especialidad","generation":"generated"},{"sourceUrl":"CodeSystem-CMGR.html","name":"CodeSystem-CMGR.html","title":"Consulta médica general","generation":"generated"},{"sourceUrl":"CodeSystem-COES.html","name":"CodeSystem-COES.html","title":"Consulta odontológica especialidad","generation":"generated"},{"sourceUrl":"CodeSystem-CBFN.html","name":"CodeSystem-CBFN.html","title":"Código beneficiarios FONASA","generation":"generated"},{"sourceUrl":"CodeSystem-CSCodigoDNI.html","name":"CodeSystem-CSCodigoDNI.html","title":"Códigos de Documentos DNI para LATAM y el Caribe","generation":"generated"},{"sourceUrl":"CodeSystem-CSCie10Prueba.html","name":"CodeSystem-CSCie10Prueba.html","title":"Códigos de ejemplo CIE-10","generation":"generated"},{"sourceUrl":"CodeSystem-CSEspecialidadMedica.html","name":"CodeSystem-CSEspecialidadMedica.html","title":"Códigos de Especialidad Médica","generation":"generated"},{"sourceUrl":"CodeSystem-CSIdentidadGenero.html","name":"CodeSystem-CSIdentidadGenero.html","title":"Códigos para Identidad de Género","generation":"generated"},{"sourceUrl":"CodeSystem-CSSexoBiologico.html","name":"CodeSystem-CSSexoBiologico.html","title":"Códigos para Sexo de Nacimiento de Paciente","generation":"generated"},{"sourceUrl":"CodeSystem-CSDireccionTipoVia.html","name":"CodeSystem-CSDireccionTipoVia.html","title":"Dirección Tipo Vía","generation":"generated"},{"sourceUrl":"CodeSystem-DSCP.html","name":"CodeSystem-DSCP.html","title":"Discapacidad","generation":"generated"},{"sourceUrl":"CodeSystem-CSEstadoCivil.html","name":"CodeSystem-CSEstadoCivil.html","title":"Estado Civil","generation":"generated"},{"sourceUrl":"CodeSystem-CSMotivoSolicitudHosp.html","name":"CodeSystem-CSMotivoSolicitudHosp.html","title":"Motivo Solicitud Hospitalización","generation":"generated"},{"sourceUrl":"CodeSystem-CSOcupacionesDet.html","name":"CodeSystem-CSOcupacionesDet.html","title":"Ocupaciones Detalladas","generation":"generated"},{"sourceUrl":"CodeSystem-CSOcupaciones.html","name":"CodeSystem-CSOcupaciones.html","title":"Ocupaciones Paciente","generation":"generated"},{"sourceUrl":"CodeSystem-CSPrecaucionesHospitalizacion.html","name":"CodeSystem-CSPrecaucionesHospitalizacion.html","title":"Precauciones Hospitalización","generation":"generated"},{"sourceUrl":"CodeSystem-CSPrevision.html","name":"CodeSystem-CSPrevision.html","title":"Prevision del Paciente","generation":"generated"},{"sourceUrl":"CodeSystem-CSPuebloIndigena.html","name":"CodeSystem-CSPuebloIndigena.html","title":"Pueblo Indígena u Originarioi","generation":"generated"},{"sourceUrl":"CodeSystem-CSReligion.html","name":"CodeSystem-CSReligion.html","title":"Religiones o Cultos","generation":"generated"},{"sourceUrl":"CodeSystem-TPUR.html","name":"CodeSystem-TPUR.html","title":"Tipo de urgencia","generation":"generated"},{"sourceUrl":"CodeSystem-CSUCursoAprobado.html","name":"CodeSystem-CSUCursoAprobado.html","title":"Ultimo Curso Aprobado","generation":"generated"},{"sourceUrl":"CodeSystem-CSUNivelAprob.html","name":"CodeSystem-CSUNivelAprob.html","title":"Ultimo nivel aprobado","generation":"generated"},{"sourceUrl":"CodeSystem-AUCS.html","name":"CodeSystem-AUCS.html","title":"Área urbano censal","generation":"generated"},{"sourceUrl":"Observation-EjNivEduca.html","name":"Observation-EjNivEduca.html","title":"Ejemplo de nivel educacional de paciente","generation":"generated"},{"sourceUrl":"Observation-EjOcupacion2.html","name":"Observation-EjOcupacion2.html","title":"Ejemplo de Ocupación 2 del Paciente","generation":"generated"},{"sourceUrl":"Observation-EjOcupacion3.html","name":"Observation-EjOcupacion3.html","title":"Ejemplo de Ocupación 3 del Paciente","generation":"generated"},{"sourceUrl":"Observation-EjOcupacion.html","name":"Observation-EjOcupacion.html","title":"Ejemplo de Ocupación del Paciente","generation":"generated"},{"sourceUrl":"Condition-EjDiagnosticoCondHLfIMAGINARIO1.html","name":"Condition-EjDiagnosticoCondHLfIMAGINARIO1.html","title":"Ejemplo Diagnósticos1 y Condiciones Mórbidas del Paciente","generation":"generated"},{"sourceUrl":"Condition-EjDiagnosticoCondHLfIMAGINARIO2.html","name":"Condition-EjDiagnosticoCondHLfIMAGINARIO2.html","title":"Ejemplo Diagnósticos1 y Condiciones Mórbidas del Paciente","generation":"generated"},{"sourceUrl":"Condition-EjDiagnosticoCondHLfIMAGINARIO3.html","name":"Condition-EjDiagnosticoCondHLfIMAGINARIO3.html","title":"Ejemplo Diagnósticos3 y Condiciones Mórbidas del Paciente","generation":"generated"},{"sourceUrl":"Patient-007.html","name":"Patient-007.html","title":"Ejemplo Paciente HLF 1","generation":"generated"},{"sourceUrl":"Patient-008.html","name":"Patient-008.html","title":"Ejemplo Paciente HLF 2","generation":"generated"},{"sourceUrl":"Patient-009.html","name":"Patient-009.html","title":"Ejemplo Paciente HLF 3","generation":"generated"},{"sourceUrl":"ServiceRequest-EjSolicitudHospitalizacion.html","name":"ServiceRequest-EjSolicitudHospitalizacion.html","title":"Ejemplo Solicitud Hospitalizacion","generation":"generated"},{"sourceUrl":"HealthcareService-EjUnidadClinicaHLFIMAGINARIO.html","name":"HealthcareService-EjUnidadClinicaHLFIMAGINARIO.html","title":"Ejemplo Unidad ClinicaHLF","generation":"generated"},{"sourceUrl":"Observation-EjPesoRecienNacido1.html","name":"Observation-EjPesoRecienNacido1.html","title":"Ejemplo1 de Peso Pediátrico","generation":"generated"},{"sourceUrl":"Coverage-EjPrevision1.html","name":"Coverage-EjPrevision1.html","title":"Ejemplo1 previsión del paciente","generation":"generated"},{"sourceUrl":"Encounter-EjRegistroAtencionIMAGINARIO.html","name":"Encounter-EjRegistroAtencionIMAGINARIO.html","title":"Ejemplo1 Registro atencion Paciente","generation":"generated"},{"sourceUrl":"Observation-EjNivEduca2.html","name":"Observation-EjNivEduca2.html","title":"Ejemplo2 de nivel educacional de paciente","generation":"generated"},{"sourceUrl":"Observation-EjPesoRecienNacido2.html","name":"Observation-EjPesoRecienNacido2.html","title":"Ejemplo2 de Peso Pediátrico","generation":"generated"},{"sourceUrl":"Coverage-EjPrevision2.html","name":"Coverage-EjPrevision2.html","title":"Ejemplo2 previsión del paciente","generation":"generated"},{"sourceUrl":"Encounter-EjRegistroAtencion2.html","name":"Encounter-EjRegistroAtencion2.html","title":"Ejemplo2 Registro atencion Paciente","generation":"generated"},{"sourceUrl":"Observation-EjNivEduca3.html","name":"Observation-EjNivEduca3.html","title":"Ejemplo3 de nivel educacional de paciente","generation":"generated"},{"sourceUrl":"Observation-EjPesoRecienNacido3.html","name":"Observation-EjPesoRecienNacido3.html","title":"Ejemplo3 de Peso Pediátrico","generation":"generated"},{"sourceUrl":"Coverage-EjPrevision3.html","name":"Coverage-EjPrevision3.html","title":"Ejemplo3 previsión del paciente","generation":"generated"},{"sourceUrl":"Encounter-EjRegistroAtencion3.html","name":"Encounter-EjRegistroAtencion3.html","title":"Ejemplo3 Registro atencion Paciente","generation":"generated"},{"sourceUrl":"Parameters-PatchSolicitudHospitalizacionEj.html","name":"Parameters-PatchSolicitudHospitalizacionEj.html","title":"PATCH Solicitud Hospitalizacion","generation":"generated"}]}]},"parameter":[{"code":{"system":"http://hl7.org/fhir/tools/CodeSystem/ig-parameters","code":"copyrightyear"},"value":"2023+"},{"code":{"system":"http://hl7.org/fhir/tools/CodeSystem/ig-parameters","code":"releaselabel"},"value":"ci-build"},{"code":{"system":"http://hl7.org/fhir/tools/CodeSystem/ig-parameters","code":"display-warnings"},"value":"true"},{"code":{"system":"http://hl7.org/fhir/tools/CodeSystem/ig-parameters","code":"autoload-resources"},"value":"true"},{"code":{"system":"http://hl7.org/fhir/guide-parameter-code","code":"path-resource"},"value":"input/capabilities"},{"code":{"system":"http://hl7.org/fhir/guide-parameter-code","code":"path-resource"},"value":"input/examples"},{"code":{"system":"http://hl7.org/fhir/guide-parameter-code","code":"path-resource"},"value":"input/extensions"},{"code":{"system":"http://hl7.org/fhir/guide-parameter-code","code":"path-resource"},"value":"input/models"},{"code":{"system":"http://hl7.org/fhir/guide-parameter-code","code":"path-resource"},"value":"input/operations"},{"code":{"system":"http://hl7.org/fhir/guide-parameter-code","code":"path-resource"},"value":"input/profiles"},{"code":{"system":"http://hl7.org/fhir/guide-parameter-code","code":"path-resource"},"value":"input/resources"},{"code":{"system":"http://hl7.org/fhir/guide-parameter-code","code":"path-resource"},"value":"input/vocabulary"},{"code":{"system":"http://hl7.org/fhir/guide-parameter-code","code":"path-resource"},"value":"input/maps"},{"code":{"system":"http://hl7.org/fhir/guide-parameter-code","code":"path-resource"},"value":"input/testing"},{"code":{"system":"http://hl7.org/fhir/guide-parameter-code","code":"path-resource"},"value":"input/history"},{"code":{"system":"http://hl7.org/fhir/guide-parameter-code","code":"path-resource"},"value":"fsh-generated/resources"},{"code":{"system":"http://hl7.org/fhir/guide-parameter-code","code":"path-pages"},"value":"template/config"},{"code":{"system":"http://hl7.org/fhir/guide-parameter-code","code":"path-pages"},"value":"input/images"},{"code":{"system":"http://hl7.org/fhir/tools/CodeSystem/ig-parameters","code":"path-liquid"},"value":"template/liquid"},{"code":{"system":"http://hl7.org/fhir/tools/CodeSystem/ig-parameters","code":"path-liquid"},"value":"input/liquid"},{"code":{"system":"http://hl7.org/fhir/tools/CodeSystem/ig-parameters","code":"path-qa"},"value":"temp/qa"},{"code":{"system":"http://hl7.org/fhir/tools/CodeSystem/ig-parameters","code":"path-temp"},"value":"temp/pages"},{"code":{"system":"http://hl7.org/fhir/tools/CodeSystem/ig-parameters","code":"path-output"},"value":"output"},{"code":{"system":"http://hl7.org/fhir/guide-parameter-code","code":"path-tx-cache"},"value":"input-cache/txcache"},{"code":{"system":"http://hl7.org/fhir/tools/CodeSystem/ig-parameters","code":"path-suppressed-warnings"},"value":"input/ignoreWarnings.txt"},{"code":{"system":"http://hl7.org/fhir/tools/CodeSystem/ig-parameters","code":"path-history"},"value":"https://hospitallaflorida.cl/fhir/hlfhosp/history.html"},{"code":{"system":"http://hl7.org/fhir/tools/CodeSystem/ig-parameters","code":"template-html"},"value":"template-page.html"},{"code":{"system":"http://hl7.org/fhir/tools/CodeSystem/ig-parameters","code":"template-md"},"value":"template-page-md.html"},{"code":{"system":"http://hl7.org/fhir/tools/CodeSystem/ig-parameters","code":"apply-contact"},"value":"true"},{"code":{"system":"http://hl7.org/fhir/tools/CodeSystem/ig-parameters","code":"apply-context"},"value":"true"},{"code":{"system":"http://hl7.org/fhir/tools/CodeSystem/ig-parameters","code":"apply-copyright"},"value":"true"},{"code":{"system":"http://hl7.org/fhir/tools/CodeSystem/ig-parameters","code":"apply-jurisdiction"},"value":"true"},{"code":{"system":"http://hl7.org/fhir/tools/CodeSystem/ig-parameters","code":"apply-license"},"value":"true"},{"code":{"system":"http://hl7.org/fhir/tools/CodeSystem/ig-parameters","code":"apply-publisher"},"value":"true"},{"code":{"system":"http://hl7.org/fhir/tools/CodeSystem/ig-parameters","code":"apply-version"},"value":"true"},{"code":{"system":"http://hl7.org/fhir/tools/CodeSystem/ig-parameters","code":"active-tables"},"value":"true"},{"code":{"system":"http://hl7.org/fhir/tools/CodeSystem/ig-parameters","code":"fmm-definition"},"value":"http://hl7.org/fhir/versions.html#maturity"},{"code":{"system":"http://hl7.org/fhir/tools/CodeSystem/ig-parameters","code":"propagate-status"},"value":"true"},{"code":{"system":"http://hl7.org/fhir/tools/CodeSystem/ig-parameters","code":"excludelogbinaryformat"},"value":"true"},{"code":{"system":"http://hl7.org/fhir/tools/CodeSystem/ig-parameters","code":"tabbed-snapshots"},"value":"true"}]}}