{"resourceType":"ImplementationGuide","id":"fhir.hlf.hosp","text":{"status":"extensions","div":"<div xmlns=\"http://www.w3.org/1999/xhtml\"><h2>HlfHosp</h2><p>The official URL for this implementation guide is: </p><pre>https://hospitallaflorida.cl/fhir/hlfhosp/ImplementationGuide/fhir.hlf.hosp</pre></div>"},"url":"https://hospitallaflorida.cl/fhir/hlfhosp/ImplementationGuide/fhir.hlf.hosp","version":"0.3.0","name":"HlfHosp","title":"Guía de Implementación Procesos de Hospitalizado","status":"draft","date":"2023-06-30T15:47:06-04:00","publisher":"Hospital Eloisa Diaz de la Florida","contact":[{"name":"Hospital Eloisa Diaz de la Florida","telecom":[{"system":"url","value":"https://www.hospitallaflorida.cl/"},{"system":"email","value":"leonardo.arancibia@hospitallaflorida.cl"}]}],"packageId":"fhir.hlf.hosp","license":"CC0-1.0","fhirVersion":["5.0.0"],"dependsOn":[{"id":"hl7tx","extension":[{"url":"http://hl7.org/fhir/tools/StructureDefinition/implementationguide-dependency-comment","valueMarkdown":"Automatically added as a dependency - all IGs depend on HL7 Terminology"}],"uri":"http://terminology.hl7.org/ImplementationGuide/hl7.terminology","packageId":"hl7.terminology.r5","version":"5.0.0"},{"id":"hl7ext","extension":[{"url":"http://hl7.org/fhir/tools/StructureDefinition/implementationguide-dependency-comment","valueMarkdown":"Automatically added as a dependency - all IGs depend on the HL7 Extension Pack"}],"uri":"http://hl7.org/fhir/extensions/ImplementationGuide/hl7.fhir.uv.extensions","packageId":"hl7.fhir.uv.extensions.r5","version":"1.0.0"}],"definition":{"extension":[{"extension":[{"url":"code","valueString":"copyrightyear"},{"url":"value","valueString":"2023+"}],"url":"http://hl7.org/fhir/tools/StructureDefinition/ig-parameter"},{"extension":[{"url":"code","valueString":"releaselabel"},{"url":"value","valueString":"ci-build"}],"url":"http://hl7.org/fhir/tools/StructureDefinition/ig-parameter"},{"extension":[{"url":"code","valueString":"display-warnings"},{"url":"value","valueString":"true"}],"url":"http://hl7.org/fhir/tools/StructureDefinition/ig-parameter"},{"extension":[{"url":"code","valueString":"autoload-resources"},{"url":"value","valueString":"true"}],"url":"http://hl7.org/fhir/tools/StructureDefinition/ig-parameter"},{"extension":[{"url":"code","valueString":"path-liquid"},{"url":"value","valueString":"template/liquid"}],"url":"http://hl7.org/fhir/tools/StructureDefinition/ig-parameter"},{"extension":[{"url":"code","valueString":"path-liquid"},{"url":"value","valueString":"input/liquid"}],"url":"http://hl7.org/fhir/tools/StructureDefinition/ig-parameter"},{"extension":[{"url":"code","valueString":"path-qa"},{"url":"value","valueString":"temp/qa"}],"url":"http://hl7.org/fhir/tools/StructureDefinition/ig-parameter"},{"extension":[{"url":"code","valueString":"path-temp"},{"url":"value","valueString":"temp/pages"}],"url":"http://hl7.org/fhir/tools/StructureDefinition/ig-parameter"},{"extension":[{"url":"code","valueString":"path-output"},{"url":"value","valueString":"output"}],"url":"http://hl7.org/fhir/tools/StructureDefinition/ig-parameter"},{"extension":[{"url":"code","valueString":"path-suppressed-warnings"},{"url":"value","valueString":"input/ignoreWarnings.txt"}],"url":"http://hl7.org/fhir/tools/StructureDefinition/ig-parameter"},{"extension":[{"url":"code","valueString":"path-history"},{"url":"value","valueString":"https://hospitallaflorida.cl/fhir/hlfhosp/history.html"}],"url":"http://hl7.org/fhir/tools/StructureDefinition/ig-parameter"},{"extension":[{"url":"code","valueString":"template-html"},{"url":"value","valueString":"template-page.html"}],"url":"http://hl7.org/fhir/tools/StructureDefinition/ig-parameter"},{"extension":[{"url":"code","valueString":"template-md"},{"url":"value","valueString":"template-page-md.html"}],"url":"http://hl7.org/fhir/tools/StructureDefinition/ig-parameter"},{"extension":[{"url":"code","valueString":"apply-contact"},{"url":"value","valueString":"true"}],"url":"http://hl7.org/fhir/tools/StructureDefinition/ig-parameter"},{"extension":[{"url":"code","valueString":"apply-context"},{"url":"value","valueString":"true"}],"url":"http://hl7.org/fhir/tools/StructureDefinition/ig-parameter"},{"extension":[{"url":"code","valueString":"apply-copyright"},{"url":"value","valueString":"true"}],"url":"http://hl7.org/fhir/tools/StructureDefinition/ig-parameter"},{"extension":[{"url":"code","valueString":"apply-jurisdiction"},{"url":"value","valueString":"true"}],"url":"http://hl7.org/fhir/tools/StructureDefinition/ig-parameter"},{"extension":[{"url":"code","valueString":"apply-license"},{"url":"value","valueString":"true"}],"url":"http://hl7.org/fhir/tools/StructureDefinition/ig-parameter"},{"extension":[{"url":"code","valueString":"apply-publisher"},{"url":"value","valueString":"true"}],"url":"http://hl7.org/fhir/tools/StructureDefinition/ig-parameter"},{"extension":[{"url":"code","valueString":"apply-version"},{"url":"value","valueString":"true"}],"url":"http://hl7.org/fhir/tools/StructureDefinition/ig-parameter"},{"extension":[{"url":"code","valueString":"active-tables"},{"url":"value","valueString":"true"}],"url":"http://hl7.org/fhir/tools/StructureDefinition/ig-parameter"},{"extension":[{"url":"code","valueString":"fmm-definition"},{"url":"value","valueString":"http://hl7.org/fhir/versions.html#maturity"}],"url":"http://hl7.org/fhir/tools/StructureDefinition/ig-parameter"},{"extension":[{"url":"code","valueString":"propagate-status"},{"url":"value","valueString":"true"}],"url":"http://hl7.org/fhir/tools/StructureDefinition/ig-parameter"},{"extension":[{"url":"code","valueString":"excludelogbinaryformat"},{"url":"value","valueString":"true"}],"url":"http://hl7.org/fhir/tools/StructureDefinition/ig-parameter"},{"extension":[{"url":"code","valueString":"tabbed-snapshots"},{"url":"value","valueString":"true"}],"url":"http://hl7.org/fhir/tools/StructureDefinition/ig-parameter"},{"url":"http://hl7.org/fhir/tools/StructureDefinition/ig-internal-dependency","valueCode":"hl7.fhir.uv.tools#current"}],"grouping":[{"id":"-dyn-searchparameter","name":"Behavior: Search Parameters","description":"These define the properties by which a RESTful server can be searched.  They can also be used for sorting and including related resources."},{"id":"-str-profile","name":"Structures: Resource Profiles","description":"These define constraints on FHIR resources for systems conforming to this implementation guide."},{"id":"-str-extension","name":"Structures: Extension Definitions","description":"These define constraints on FHIR data types for systems conforming to this implementation guide."},{"id":"-term-valueset","name":"Terminology: Value Sets","description":"These define sets of codes used by systems conforming to this implementation guide."},{"id":"-term-codesystem","name":"Terminology: Code Systems","description":"These define new code systems used by systems conforming to this implementation guide."}],"resource":[{"extension":[{"url":"http://hl7.org/fhir/StructureDefinition/implementationguide-page","valueUri":"StructureDefinition-Ocupaciones.html"}],"reference":{"reference":"StructureDefinition/Ocupaciones"},"name":"Aspectos Laborales","description":"Perfil de observaciones asociado a los aspectos laborales  de un paciente","isExample":false,"groupingId":"-str-profile"},{"extension":[{"url":"http://hl7.org/fhir/StructureDefinition/implementationguide-page","valueUri":"ValueSet-VSEspecialidadMedica.html"}],"reference":{"reference":"ValueSet/VSEspecialidadMedica"},"name":"Codigos de especialidades médicas","description":"Códigos de especialidades médicas","isExample":false,"groupingId":"-term-valueset"},{"extension":[{"url":"http://hl7.org/fhir/StructureDefinition/implementationguide-page","valueUri":"SearchParameter-complejidad.html"}],"reference":{"reference":"SearchParameter/complejidad"},"name":"complejidad","description":"Retorna las Unidades Clinicas HLF que tienen la complejidad indicada","isExample":false,"groupingId":"-dyn-searchparameter"},{"extension":[{"url":"http://hl7.org/fhir/StructureDefinition/implementationguide-page","valueUri":"StructureDefinition-complejidad-cama.html"}],"reference":{"reference":"StructureDefinition/complejidad-cama"},"name":"Complejidad Cama","description":"Extensión para complejidad de la cama","isExample":false,"groupingId":"-str-extension"},{"extension":[{"url":"http://hl7.org/fhir/StructureDefinition/implementationguide-page","valueUri":"ValueSet-VSComplejidadCama.html"}],"reference":{"reference":"ValueSet/VSComplejidadCama"},"name":"Complejidad Cama","description":"Códigos para identificar la complejidad de una cama HLF","isExample":false,"groupingId":"-term-valueset"},{"extension":[{"url":"http://hl7.org/fhir/StructureDefinition/implementationguide-page","valueUri":"CodeSystem-CSComplejidadCama.html"}],"reference":{"reference":"CodeSystem/CSComplejidadCama"},"name":"Complejidad cama","description":"Códigos para identificar la complejidad de una cama HLF","isExample":false,"groupingId":"-term-codesystem"},{"extension":[{"url":"http://hl7.org/fhir/StructureDefinition/implementationguide-page","valueUri":"StructureDefinition-complejidad-unidad.html"}],"reference":{"reference":"StructureDefinition/complejidad-unidad"},"name":"Complejidad Unidad Clinica HLF","description":"Extensión para indicar la complejidad de la Unidad Clinica HLF","isExample":false,"groupingId":"-str-extension"},{"extension":[{"url":"http://hl7.org/fhir/StructureDefinition/implementationguide-page","valueUri":"CodeSystem-CSCodigoDNI.html"}],"reference":{"reference":"CodeSystem/CSCodigoDNI"},"name":"Códigos de Documentos DNI para LATAM y el Caribe","description":"Códigos para los DNI de países de America Latina y el Caribe según indicaciones de VS HL7 de V3","isExample":false,"groupingId":"-term-codesystem"},{"extension":[{"url":"http://hl7.org/fhir/StructureDefinition/implementationguide-page","valueUri":"CodeSystem-CSEspecialidadMedica.html"}],"reference":{"reference":"CodeSystem/CSEspecialidadMedica"},"name":"Códigos de Especialidad Médica","description":"Códigos de Especialidad Médica utilizados por HLF","isExample":false,"groupingId":"-term-codesystem"},{"extension":[{"url":"http://hl7.org/fhir/StructureDefinition/implementationguide-page","valueUri":"CodeSystem-CSIdentidadGenero.html"}],"reference":{"reference":"CodeSystem/CSIdentidadGenero"},"name":"Códigos para Identidad de Género","description":"Códigos para Identidad de Género DEIS","isExample":false,"groupingId":"-term-codesystem"},{"extension":[{"url":"http://hl7.org/fhir/StructureDefinition/implementationguide-page","valueUri":"ValueSet-VSSexoBiologico.html"}],"reference":{"reference":"ValueSet/VSSexoBiologico"},"name":"Códigos para sexo biológico en Chile","description":"Códigos para sexo biológico en Chile según tabla 820.","isExample":false,"groupingId":"-term-valueset"},{"extension":[{"url":"http://hl7.org/fhir/StructureDefinition/implementationguide-page","valueUri":"CodeSystem-CSSexoBiologico.html"}],"reference":{"reference":"CodeSystem/CSSexoBiologico"},"name":"Códigos para Sexo de Nacimiento de Paciente","description":"Codigos definidos para el sexo de nacimiento de un paciente en Chile","isExample":false,"groupingId":"-term-codesystem"},{"extension":[{"url":"http://hl7.org/fhir/StructureDefinition/implementationguide-page","valueUri":"ValueSet-VSDiagnosticoCie10.html"}],"reference":{"reference":"ValueSet/VSDiagnosticoCie10"},"name":"Diagnostico o Condición Mórbida de paciente","description":"Definición de diagnóstico o condición mórbida del paciente, definido en CIE-10","isExample":false,"groupingId":"-term-valueset"},{"extension":[{"url":"http://hl7.org/fhir/StructureDefinition/implementationguide-page","valueUri":"StructureDefinition-DiagnosticoCondHLf.html"}],"reference":{"reference":"StructureDefinition/DiagnosticoCondHLf"},"name":"DiagnosticoCondHLf","description":"Perfil para Diagnósticos y Condiciones Mórbidas del Paciente","isExample":false,"groupingId":"-str-profile"},{"extension":[{"url":"http://hl7.org/fhir/StructureDefinition/implementationguide-page","valueUri":"CodeSystem-CSEstadoCivil.html"}],"reference":{"reference":"CodeSystem/CSEstadoCivil"},"name":"Estado Civil","description":"El estado civil es la situación de un individuo en la sociedad, que deriva principalmente de sus relaciones de familia, y que lo habilita para ejercer derechos y contraer obligaciones civiles.","isExample":false,"groupingId":"-term-codesystem"},{"extension":[{"url":"http://hl7.org/fhir/StructureDefinition/implementationguide-page","valueUri":"StructureDefinition-PueblosIndigenas.html"}],"reference":{"reference":"StructureDefinition/PueblosIndigenas"},"name":"Extensión de Pueblos Indígenas u Origenarios","description":"Se reconoce como pueblos indígenas u originarios en Chile a: mapuche, aymara, Rapanui, lickanantay, quechuas, colla, diaguitas, kawésqar, yagán y chango.","isExample":false,"groupingId":"-str-extension"},{"extension":[{"url":"http://hl7.org/fhir/StructureDefinition/implementationguide-page","valueUri":"StructureDefinition-unidad-pediatrica.html"}],"reference":{"reference":"StructureDefinition/unidad-pediatrica"},"name":"Extensión para indicar si la Unidad Clinica HLF es pediatrica","description":"Extensión que contiene un booleano que indica si la Unidad Clinica HLF es pediatrica","isExample":false,"groupingId":"-str-extension"},{"extension":[{"url":"http://hl7.org/fhir/StructureDefinition/implementationguide-page","valueUri":"StructureDefinition-ReligionesCultos.html"}],"reference":{"reference":"StructureDefinition/ReligionesCultos"},"name":"Extensión que define Religion o Culto","description":"Información sobre la Religión o Credo declarada por el paciente","isExample":false,"groupingId":"-str-extension"},{"extension":[{"url":"http://hl7.org/fhir/StructureDefinition/implementationguide-page","valueUri":"StructureDefinition-IdentidadGenero.html"}],"reference":{"reference":"StructureDefinition/IdentidadGenero"},"name":"Identidad de Género","description":"Extensión para dato es de autoidentificación, por lo tanto, es una información que la persona entrega y el modelo de atención debe garantizar las condiciones y los mecanismos de privacidad y confidencialidad a través de un protocolo de aplicación local","isExample":false,"groupingId":"-str-extension"},{"extension":[{"url":"http://hl7.org/fhir/StructureDefinition/implementationguide-page","valueUri":"ValueSet-VSIdentidadGenero.html"}],"reference":{"reference":"ValueSet/VSIdentidadGenero"},"name":"Identidad de Género","description":"Códigos para Identidad de Género DEIS","isExample":false,"groupingId":"-term-valueset"},{"extension":[{"url":"http://hl7.org/fhir/StructureDefinition/implementationguide-page","valueUri":"SearchParameter-is-pediatrica.html"}],"reference":{"reference":"SearchParameter/is-pediatrica"},"name":"is-pediatrica","description":"Retorna las Unidades Clinicas HLF que son pediatricas","isExample":false,"groupingId":"-dyn-searchparameter"},{"extension":[{"url":"http://hl7.org/fhir/StructureDefinition/implementationguide-page","valueUri":"StructureDefinition-motivo-solicitud-hospitalizacion.html"}],"reference":{"reference":"StructureDefinition/motivo-solicitud-hospitalizacion"},"name":"Motivo Solicitud Hospitalización","description":"Extensión para motivo de solicitud de hospitalización","isExample":false,"groupingId":"-str-extension"},{"extension":[{"url":"http://hl7.org/fhir/StructureDefinition/implementationguide-page","valueUri":"ValueSet-VSMotivoSolicitudHosp.html"}],"reference":{"reference":"ValueSet/VSMotivoSolicitudHosp"},"name":"Motivo Solicitud Hospitalización","description":"ValueSet para el motivo de solicitud de hospitalización","isExample":false,"groupingId":"-term-valueset"},{"extension":[{"url":"http://hl7.org/fhir/StructureDefinition/implementationguide-page","valueUri":"CodeSystem-CSMotivoSolicitudHosp.html"}],"reference":{"reference":"CodeSystem/CSMotivoSolicitudHosp"},"name":"Motivo Solicitud Hospitalización","description":"Códigos para el motivo de solicitud de hospitalización","isExample":false,"groupingId":"-term-codesystem"},{"extension":[{"url":"http://hl7.org/fhir/StructureDefinition/implementationguide-page","valueUri":"StructureDefinition-Educacion.html"}],"reference":{"reference":"StructureDefinition/Educacion"},"name":"Nivel Educacional","description":"Perfil de observaciones asociado al nivel educacional del paciente","isExample":false,"groupingId":"-str-profile"},{"extension":[{"url":"http://hl7.org/fhir/StructureDefinition/implementationguide-page","valueUri":"StructureDefinition-NivelInstrucion.html"}],"reference":{"reference":"StructureDefinition/NivelInstrucion"},"name":"Nivel Instrucción","description":"El nivel de instrucción se refiere al último año aprobado en el ciclo de educación más avanzado que declare haber cursado la persona en el Sistema Educativo.","isExample":false,"groupingId":"-str-extension"},{"extension":[{"url":"http://hl7.org/fhir/StructureDefinition/implementationguide-page","valueUri":"StructureDefinition-NombreSocial.html"}],"reference":{"reference":"StructureDefinition/NombreSocial"},"name":"Nombre Social de Paciente","description":"Esta extensión permite agregar un nombre social al paciente","isExample":false,"groupingId":"-str-extension"},{"extension":[{"url":"http://hl7.org/fhir/StructureDefinition/implementationguide-page","valueUri":"ValueSet-VSOcupacionesDet.html"}],"reference":{"reference":"ValueSet/VSOcupacionesDet"},"name":"Ocupaciones Detalladas","description":"Código asociados a el detalle de las ocupaciones de un paciente","isExample":false,"groupingId":"-term-valueset"},{"extension":[{"url":"http://hl7.org/fhir/StructureDefinition/implementationguide-page","valueUri":"CodeSystem-CSOcupacionesDet.html"}],"reference":{"reference":"CodeSystem/CSOcupacionesDet"},"name":"Ocupaciones Detalladas","description":"Código asociados a el detalle de las ocupaciones de un paciente","isExample":false,"groupingId":"-term-codesystem"},{"extension":[{"url":"http://hl7.org/fhir/StructureDefinition/implementationguide-page","valueUri":"CodeSystem-CSOcupaciones.html"}],"reference":{"reference":"CodeSystem/CSOcupaciones"},"name":"Ocupaciones Paciente","description":"Código asociados a la Ocupación del paciente","isExample":false,"groupingId":"-term-codesystem"},{"extension":[{"url":"http://hl7.org/fhir/StructureDefinition/implementationguide-page","valueUri":"StructureDefinition-PacienteHLF.html"}],"reference":{"reference":"StructureDefinition/PacienteHLF"},"name":"PacienteHLF","description":"Perfil de Paciente definido por HLF","isExample":false,"groupingId":"-str-profile"},{"extension":[{"url":"http://hl7.org/fhir/StructureDefinition/implementationguide-page","valueUri":"StructureDefinition-ObsPesoPediatrico.html"}],"reference":{"reference":"StructureDefinition/ObsPesoPediatrico"},"name":"Peso medido al momento de nacer","description":"Perfil de observaciones de recién nacidos","isExample":false,"groupingId":"-str-profile"},{"extension":[{"url":"http://hl7.org/fhir/StructureDefinition/implementationguide-page","valueUri":"ValueSet-VSPrecaucionesHospitalizacion.html"}],"reference":{"reference":"ValueSet/VSPrecaucionesHospitalizacion"},"name":"Precauciones Hospitalización","description":"ValueSet para el tipo de precauciones de hospitalización que se deben tomar para un paciente","isExample":false,"groupingId":"-term-valueset"},{"extension":[{"url":"http://hl7.org/fhir/StructureDefinition/implementationguide-page","valueUri":"CodeSystem-CSPrecaucionesHospitalizacion.html"}],"reference":{"reference":"CodeSystem/CSPrecaucionesHospitalizacion"},"name":"Precauciones Hospitalización","description":"Opciones del tipo de precauciones de hospitalización que se deben tomar para un paciente","isExample":false,"groupingId":"-term-codesystem"},{"extension":[{"url":"http://hl7.org/fhir/StructureDefinition/implementationguide-page","valueUri":"StructureDefinition-precauciones-solicitud-hospitalizacion.html"}],"reference":{"reference":"StructureDefinition/precauciones-solicitud-hospitalizacion"},"name":"Precauciones Solicitud Hospitalización","description":"Extensión para motivo de solicitud de hospitalización","isExample":false,"groupingId":"-str-extension"},{"extension":[{"url":"http://hl7.org/fhir/StructureDefinition/implementationguide-page","valueUri":"StructureDefinition-Prevision.html"}],"reference":{"reference":"StructureDefinition/Prevision"},"name":"Prevision","description":"Perfil para la determinación de previsiones en Chile","isExample":false,"groupingId":"-str-profile"},{"extension":[{"url":"http://hl7.org/fhir/StructureDefinition/implementationguide-page","valueUri":"ValueSet-VSPrevision.html"}],"reference":{"reference":"ValueSet/VSPrevision"},"name":"Prevision del Paciente","description":"Tipos de previsión declaradas en Chile","isExample":false,"groupingId":"-term-valueset"},{"extension":[{"url":"http://hl7.org/fhir/StructureDefinition/implementationguide-page","valueUri":"CodeSystem-CSPrevision.html"}],"reference":{"reference":"CodeSystem/CSPrevision"},"name":"Prevision del Paciente","description":"Tipos de previsión declaradas en Chile","isExample":false,"groupingId":"-term-codesystem"},{"extension":[{"url":"http://hl7.org/fhir/StructureDefinition/implementationguide-page","valueUri":"ValueSet-VSPuebloIndigena.html"}],"reference":{"reference":"ValueSet/VSPuebloIndigena"},"name":"Pueblo Indígena u Originarioi","description":"Los Pueblos Indígenas u Originarios en Chile, son los descendientes de las agrupaciones humanas que existen en el territorio nacional desde tiempos precolombinos","isExample":false,"groupingId":"-term-valueset"},{"extension":[{"url":"http://hl7.org/fhir/StructureDefinition/implementationguide-page","valueUri":"CodeSystem-CSPuebloIndigena.html"}],"reference":{"reference":"CodeSystem/CSPuebloIndigena"},"name":"Pueblo Indígena u Originarioi","description":"Los Pueblos Indígenas u Originarios en Chile, son los descendientes de las agrupaciones humanas que existen en el territorio nacional desde tiempos precolombinos","isExample":false,"groupingId":"-term-codesystem"},{"extension":[{"url":"http://hl7.org/fhir/StructureDefinition/implementationguide-page","valueUri":"StructureDefinition-registro-atencion.html"}],"reference":{"reference":"StructureDefinition/registro-atencion"},"name":"Registro Atencion","description":"Perfil del recurso Encounter para el registro de atenciones de salud","isExample":false,"groupingId":"-str-profile"},{"extension":[{"url":"http://hl7.org/fhir/StructureDefinition/implementationguide-page","valueUri":"ValueSet-VSReligion.html"}],"reference":{"reference":"ValueSet/VSReligion"},"name":"Religiones o Cultos","description":"Códigos de Religiones o Cultos declarados","isExample":false,"groupingId":"-term-valueset"},{"extension":[{"url":"http://hl7.org/fhir/StructureDefinition/implementationguide-page","valueUri":"CodeSystem-CSReligion.html"}],"reference":{"reference":"CodeSystem/CSReligion"},"name":"Religiones o Cultos","description":"Códigos de Religiones o Cultos declarados","isExample":false,"groupingId":"-term-codesystem"},{"extension":[{"url":"http://hl7.org/fhir/StructureDefinition/implementationguide-page","valueUri":"StructureDefinition-SegundoApellido.html"}],"reference":{"reference":"StructureDefinition/SegundoApellido"},"name":"Segundo Apellido","description":"Segundo Apellido","isExample":false,"groupingId":"-str-extension"},{"extension":[{"url":"http://hl7.org/fhir/StructureDefinition/implementationguide-page","valueUri":"StructureDefinition-SexoNacimiento820.html"}],"reference":{"reference":"StructureDefinition/SexoNacimiento820"},"name":"Sexo biológico al nacer","description":"Extensión de Sexdo biológico al nacer para Chile","isExample":false,"groupingId":"-str-extension"},{"extension":[{"url":"http://hl7.org/fhir/StructureDefinition/implementationguide-page","valueUri":"StructureDefinition-SexoReg.html"}],"reference":{"reference":"StructureDefinition/SexoReg"},"name":"Sexo Registral","description":"Extensión para dato es de del sexo registrado oficialmente por el/la paciente","isExample":false,"groupingId":"-str-extension"},{"extension":[{"url":"http://hl7.org/fhir/StructureDefinition/implementationguide-page","valueUri":"StructureDefinition-solicitud-hospitalizacion.html"}],"reference":{"reference":"StructureDefinition/solicitud-hospitalizacion"},"name":"Solicitud Hospitalización","description":"Perfil del recurso ServiceRequest para realizar una solicitud de hospitalización en HLF","isExample":false,"groupingId":"-str-profile"},{"extension":[{"url":"http://hl7.org/fhir/StructureDefinition/implementationguide-page","valueUri":"ValueSet-VSTiposDocumentos.html"}],"reference":{"reference":"ValueSet/VSTiposDocumentos"},"name":"Tipos de Documentos","description":"Tipos de Documentos para identificación según tabla HL7 V3 y CodeSystem local.","isExample":false,"groupingId":"-term-valueset"},{"extension":[{"url":"http://hl7.org/fhir/StructureDefinition/implementationguide-page","valueUri":"ValueSet-VSUCursoAprobado.html"}],"reference":{"reference":"ValueSet/VSUCursoAprobado"},"name":"Ultimo Curso Aprobado","description":"Categoría del último curso aprobado","isExample":false,"groupingId":"-term-valueset"},{"extension":[{"url":"http://hl7.org/fhir/StructureDefinition/implementationguide-page","valueUri":"CodeSystem-CSUCursoAprobado.html"}],"reference":{"reference":"CodeSystem/CSUCursoAprobado"},"name":"Ultimo Curso Aprobado","description":"Categoría del último curso aprobado","isExample":false,"groupingId":"-term-codesystem"},{"extension":[{"url":"http://hl7.org/fhir/StructureDefinition/implementationguide-page","valueUri":"ValueSet-VSUNivelAprob.html"}],"reference":{"reference":"ValueSet/VSUNivelAprob"},"name":"Ultimo nivel aprobado","description":"Código del último nivel aprobado","isExample":false,"groupingId":"-term-valueset"},{"extension":[{"url":"http://hl7.org/fhir/StructureDefinition/implementationguide-page","valueUri":"ValueSet-VSOcupaciones.html"}],"reference":{"reference":"ValueSet/VSOcupaciones"},"name":"Ultimo nivel aprobado","description":"Código del último nivel aprobado","isExample":false,"groupingId":"-term-valueset"},{"extension":[{"url":"http://hl7.org/fhir/StructureDefinition/implementationguide-page","valueUri":"CodeSystem-CSUNivelAprob.html"}],"reference":{"reference":"CodeSystem/CSUNivelAprob"},"name":"Ultimo nivel aprobado","description":"Código del último nivel aprobado","isExample":false,"groupingId":"-term-codesystem"},{"extension":[{"url":"http://hl7.org/fhir/StructureDefinition/implementationguide-page","valueUri":"StructureDefinition-unidad-clinica-hlf.html"}],"reference":{"reference":"StructureDefinition/unidad-clinica-hlf"},"name":"Unidad Clinica HLF","description":"Perfil del recurso HealthcareService que representa a la Unidad Clinica HLF","isExample":false,"groupingId":"-str-profile"},{"extension":[{"url":"http://hl7.org/fhir/StructureDefinition/implementationguide-page","valueUri":"StructureDefinition-unidad-clinica-origen.html"}],"reference":{"reference":"StructureDefinition/unidad-clinica-origen"},"name":"Unidad Clínica Origen","description":"Extensión para indicar la referencia a la unidad clínica origen de la hospitalización","isExample":false,"groupingId":"-str-extension"}],"page":{"sourceUrl":"toc.html","name":"toc.html","title":"Table of Contents","generation":"html","page":[{"sourceUrl":"index.html","name":"index.html","title":"Home","generation":"markdown"},{"sourceUrl":"proceso-hospitalizacion.html","name":"proceso-hospitalizacion.html","title":"Proceso de Hospitalización","generation":"markdown"},{"sourceUrl":"registro-atencion.html","name":"registro-atencion.html","title":"Registro de Atención","generation":"markdown"},{"sourceUrl":"solicitud-hospitalizacion.html","name":"solicitud-hospitalizacion.html","title":"Solicitud de Hospitalización","generation":"markdown"},{"sourceUrl":"artifacts.html","name":"artifacts.html","title":"Artifacts Summary","generation":"html","page":[{"sourceUrl":"SearchParameter-complejidad.html","name":"SearchParameter-complejidad.html","title":"complejidad","generation":"generated"},{"sourceUrl":"SearchParameter-is-pediatrica.html","name":"SearchParameter-is-pediatrica.html","title":"is-pediatrica","generation":"generated"},{"sourceUrl":"StructureDefinition-Ocupaciones.html","name":"StructureDefinition-Ocupaciones.html","title":"Aspectos Laborales","generation":"generated"},{"sourceUrl":"StructureDefinition-DiagnosticoCondHLf.html","name":"StructureDefinition-DiagnosticoCondHLf.html","title":"DiagnosticoCondHLf","generation":"generated"},{"sourceUrl":"StructureDefinition-Educacion.html","name":"StructureDefinition-Educacion.html","title":"Nivel Educacional","generation":"generated"},{"sourceUrl":"StructureDefinition-PacienteHLF.html","name":"StructureDefinition-PacienteHLF.html","title":"PacienteHLF","generation":"generated"},{"sourceUrl":"StructureDefinition-ObsPesoPediatrico.html","name":"StructureDefinition-ObsPesoPediatrico.html","title":"Peso medido al momento de nacer","generation":"generated"},{"sourceUrl":"StructureDefinition-Prevision.html","name":"StructureDefinition-Prevision.html","title":"Prevision","generation":"generated"},{"sourceUrl":"StructureDefinition-registro-atencion.html","name":"StructureDefinition-registro-atencion.html","title":"Registro Atencion","generation":"generated"},{"sourceUrl":"StructureDefinition-solicitud-hospitalizacion.html","name":"StructureDefinition-solicitud-hospitalizacion.html","title":"Solicitud Hospitalización","generation":"generated"},{"sourceUrl":"StructureDefinition-unidad-clinica-hlf.html","name":"StructureDefinition-unidad-clinica-hlf.html","title":"Unidad Clinica HLF","generation":"generated"},{"sourceUrl":"StructureDefinition-complejidad-cama.html","name":"StructureDefinition-complejidad-cama.html","title":"Complejidad Cama","generation":"generated"},{"sourceUrl":"StructureDefinition-complejidad-unidad.html","name":"StructureDefinition-complejidad-unidad.html","title":"Complejidad Unidad Clinica HLF","generation":"generated"},{"sourceUrl":"StructureDefinition-PueblosIndigenas.html","name":"StructureDefinition-PueblosIndigenas.html","title":"Extensión de Pueblos Indígenas u Origenarios","generation":"generated"},{"sourceUrl":"StructureDefinition-unidad-pediatrica.html","name":"StructureDefinition-unidad-pediatrica.html","title":"Extensión para indicar si la Unidad Clinica HLF es pediatrica","generation":"generated"},{"sourceUrl":"StructureDefinition-ReligionesCultos.html","name":"StructureDefinition-ReligionesCultos.html","title":"Extensión que define Religion o Culto","generation":"generated"},{"sourceUrl":"StructureDefinition-IdentidadGenero.html","name":"StructureDefinition-IdentidadGenero.html","title":"Identidad de Género","generation":"generated"},{"sourceUrl":"StructureDefinition-motivo-solicitud-hospitalizacion.html","name":"StructureDefinition-motivo-solicitud-hospitalizacion.html","title":"Motivo Solicitud Hospitalización","generation":"generated"},{"sourceUrl":"StructureDefinition-NivelInstrucion.html","name":"StructureDefinition-NivelInstrucion.html","title":"Nivel Instrucción","generation":"generated"},{"sourceUrl":"StructureDefinition-NombreSocial.html","name":"StructureDefinition-NombreSocial.html","title":"Nombre Social de Paciente","generation":"generated"},{"sourceUrl":"StructureDefinition-precauciones-solicitud-hospitalizacion.html","name":"StructureDefinition-precauciones-solicitud-hospitalizacion.html","title":"Precauciones Solicitud Hospitalización","generation":"generated"},{"sourceUrl":"StructureDefinition-SegundoApellido.html","name":"StructureDefinition-SegundoApellido.html","title":"Segundo Apellido","generation":"generated"},{"sourceUrl":"StructureDefinition-SexoNacimiento820.html","name":"StructureDefinition-SexoNacimiento820.html","title":"Sexo biológico al nacer","generation":"generated"},{"sourceUrl":"StructureDefinition-SexoReg.html","name":"StructureDefinition-SexoReg.html","title":"Sexo Registral","generation":"generated"},{"sourceUrl":"StructureDefinition-unidad-clinica-origen.html","name":"StructureDefinition-unidad-clinica-origen.html","title":"Unidad Clínica Origen","generation":"generated"},{"sourceUrl":"ValueSet-VSEspecialidadMedica.html","name":"ValueSet-VSEspecialidadMedica.html","title":"Codigos de especialidades médicas","generation":"generated"},{"sourceUrl":"ValueSet-VSComplejidadCama.html","name":"ValueSet-VSComplejidadCama.html","title":"Complejidad Cama","generation":"generated"},{"sourceUrl":"ValueSet-VSSexoBiologico.html","name":"ValueSet-VSSexoBiologico.html","title":"Códigos para sexo biológico en Chile","generation":"generated"},{"sourceUrl":"ValueSet-VSDiagnosticoCie10.html","name":"ValueSet-VSDiagnosticoCie10.html","title":"Diagnostico o Condición Mórbida de paciente","generation":"generated"},{"sourceUrl":"ValueSet-VSIdentidadGenero.html","name":"ValueSet-VSIdentidadGenero.html","title":"Identidad de Género","generation":"generated"},{"sourceUrl":"ValueSet-VSMotivoSolicitudHosp.html","name":"ValueSet-VSMotivoSolicitudHosp.html","title":"Motivo Solicitud Hospitalización","generation":"generated"},{"sourceUrl":"ValueSet-VSOcupacionesDet.html","name":"ValueSet-VSOcupacionesDet.html","title":"Ocupaciones Detalladas","generation":"generated"},{"sourceUrl":"ValueSet-VSPrecaucionesHospitalizacion.html","name":"ValueSet-VSPrecaucionesHospitalizacion.html","title":"Precauciones Hospitalización","generation":"generated"},{"sourceUrl":"ValueSet-VSPrevision.html","name":"ValueSet-VSPrevision.html","title":"Prevision del Paciente","generation":"generated"},{"sourceUrl":"ValueSet-VSPuebloIndigena.html","name":"ValueSet-VSPuebloIndigena.html","title":"Pueblo Indígena u Originarioi","generation":"generated"},{"sourceUrl":"ValueSet-VSReligion.html","name":"ValueSet-VSReligion.html","title":"Religiones o Cultos","generation":"generated"},{"sourceUrl":"ValueSet-VSTiposDocumentos.html","name":"ValueSet-VSTiposDocumentos.html","title":"Tipos de Documentos","generation":"generated"},{"sourceUrl":"ValueSet-VSUCursoAprobado.html","name":"ValueSet-VSUCursoAprobado.html","title":"Ultimo Curso Aprobado","generation":"generated"},{"sourceUrl":"ValueSet-VSUNivelAprob.html","name":"ValueSet-VSUNivelAprob.html","title":"Ultimo nivel aprobado","generation":"generated"},{"sourceUrl":"ValueSet-VSOcupaciones.html","name":"ValueSet-VSOcupaciones.html","title":"Ultimo nivel aprobado","generation":"generated"},{"sourceUrl":"CodeSystem-CSComplejidadCama.html","name":"CodeSystem-CSComplejidadCama.html","title":"Complejidad cama","generation":"generated"},{"sourceUrl":"CodeSystem-CSCodigoDNI.html","name":"CodeSystem-CSCodigoDNI.html","title":"Códigos de Documentos DNI para LATAM y el Caribe","generation":"generated"},{"sourceUrl":"CodeSystem-CSEspecialidadMedica.html","name":"CodeSystem-CSEspecialidadMedica.html","title":"Códigos de Especialidad Médica","generation":"generated"},{"sourceUrl":"CodeSystem-CSIdentidadGenero.html","name":"CodeSystem-CSIdentidadGenero.html","title":"Códigos para Identidad de Género","generation":"generated"},{"sourceUrl":"CodeSystem-CSSexoBiologico.html","name":"CodeSystem-CSSexoBiologico.html","title":"Códigos para Sexo de Nacimiento de Paciente","generation":"generated"},{"sourceUrl":"CodeSystem-CSEstadoCivil.html","name":"CodeSystem-CSEstadoCivil.html","title":"Estado Civil","generation":"generated"},{"sourceUrl":"CodeSystem-CSMotivoSolicitudHosp.html","name":"CodeSystem-CSMotivoSolicitudHosp.html","title":"Motivo Solicitud Hospitalización","generation":"generated"},{"sourceUrl":"CodeSystem-CSOcupacionesDet.html","name":"CodeSystem-CSOcupacionesDet.html","title":"Ocupaciones Detalladas","generation":"generated"},{"sourceUrl":"CodeSystem-CSOcupaciones.html","name":"CodeSystem-CSOcupaciones.html","title":"Ocupaciones Paciente","generation":"generated"},{"sourceUrl":"CodeSystem-CSPrecaucionesHospitalizacion.html","name":"CodeSystem-CSPrecaucionesHospitalizacion.html","title":"Precauciones Hospitalización","generation":"generated"},{"sourceUrl":"CodeSystem-CSPrevision.html","name":"CodeSystem-CSPrevision.html","title":"Prevision del Paciente","generation":"generated"},{"sourceUrl":"CodeSystem-CSPuebloIndigena.html","name":"CodeSystem-CSPuebloIndigena.html","title":"Pueblo Indígena u Originarioi","generation":"generated"},{"sourceUrl":"CodeSystem-CSReligion.html","name":"CodeSystem-CSReligion.html","title":"Religiones o Cultos","generation":"generated"},{"sourceUrl":"CodeSystem-CSUCursoAprobado.html","name":"CodeSystem-CSUCursoAprobado.html","title":"Ultimo Curso Aprobado","generation":"generated"},{"sourceUrl":"CodeSystem-CSUNivelAprob.html","name":"CodeSystem-CSUNivelAprob.html","title":"Ultimo nivel aprobado","generation":"generated"}]}]},"parameter":[{"code":{"system":"http://hl7.org/fhir/guide-parameter-code","code":"path-resource"},"value":"input/capabilities"},{"code":{"system":"http://hl7.org/fhir/guide-parameter-code","code":"path-resource"},"value":"input/examples"},{"code":{"system":"http://hl7.org/fhir/guide-parameter-code","code":"path-resource"},"value":"input/extensions"},{"code":{"system":"http://hl7.org/fhir/guide-parameter-code","code":"path-resource"},"value":"input/models"},{"code":{"system":"http://hl7.org/fhir/guide-parameter-code","code":"path-resource"},"value":"input/operations"},{"code":{"system":"http://hl7.org/fhir/guide-parameter-code","code":"path-resource"},"value":"input/profiles"},{"code":{"system":"http://hl7.org/fhir/guide-parameter-code","code":"path-resource"},"value":"input/resources"},{"code":{"system":"http://hl7.org/fhir/guide-parameter-code","code":"path-resource"},"value":"input/vocabulary"},{"code":{"system":"http://hl7.org/fhir/guide-parameter-code","code":"path-resource"},"value":"input/maps"},{"code":{"system":"http://hl7.org/fhir/guide-parameter-code","code":"path-resource"},"value":"input/testing"},{"code":{"system":"http://hl7.org/fhir/guide-parameter-code","code":"path-resource"},"value":"input/history"},{"code":{"system":"http://hl7.org/fhir/guide-parameter-code","code":"path-resource"},"value":"fsh-generated/resources"},{"code":{"system":"http://hl7.org/fhir/guide-parameter-code","code":"path-pages"},"value":"template/config"},{"code":{"system":"http://hl7.org/fhir/guide-parameter-code","code":"path-pages"},"value":"input/images"},{"code":{"system":"http://hl7.org/fhir/guide-parameter-code","code":"path-tx-cache"},"value":"input-cache/txcache"},{"code":{"system":"http://hl7.org/fhir/tools/CodeSystem/ig-parameters","code":"copyrightyear"},"value":"2023+"},{"code":{"system":"http://hl7.org/fhir/tools/CodeSystem/ig-parameters","code":"releaselabel"},"value":"ci-build"},{"code":{"system":"http://hl7.org/fhir/tools/CodeSystem/ig-parameters","code":"display-warnings"},"value":"true"},{"code":{"system":"http://hl7.org/fhir/tools/CodeSystem/ig-parameters","code":"autoload-resources"},"value":"true"},{"code":{"system":"http://hl7.org/fhir/tools/CodeSystem/ig-parameters","code":"path-liquid"},"value":"template/liquid"},{"code":{"system":"http://hl7.org/fhir/tools/CodeSystem/ig-parameters","code":"path-liquid"},"value":"input/liquid"},{"code":{"system":"http://hl7.org/fhir/tools/CodeSystem/ig-parameters","code":"path-qa"},"value":"temp/qa"},{"code":{"system":"http://hl7.org/fhir/tools/CodeSystem/ig-parameters","code":"path-temp"},"value":"temp/pages"},{"code":{"system":"http://hl7.org/fhir/tools/CodeSystem/ig-parameters","code":"path-output"},"value":"output"},{"code":{"system":"http://hl7.org/fhir/tools/CodeSystem/ig-parameters","code":"path-suppressed-warnings"},"value":"input/ignoreWarnings.txt"},{"code":{"system":"http://hl7.org/fhir/tools/CodeSystem/ig-parameters","code":"path-history"},"value":"https://hospitallaflorida.cl/fhir/hlfhosp/history.html"},{"code":{"system":"http://hl7.org/fhir/tools/CodeSystem/ig-parameters","code":"template-html"},"value":"template-page.html"},{"code":{"system":"http://hl7.org/fhir/tools/CodeSystem/ig-parameters","code":"template-md"},"value":"template-page-md.html"},{"code":{"system":"http://hl7.org/fhir/tools/CodeSystem/ig-parameters","code":"apply-contact"},"value":"true"},{"code":{"system":"http://hl7.org/fhir/tools/CodeSystem/ig-parameters","code":"apply-context"},"value":"true"},{"code":{"system":"http://hl7.org/fhir/tools/CodeSystem/ig-parameters","code":"apply-copyright"},"value":"true"},{"code":{"system":"http://hl7.org/fhir/tools/CodeSystem/ig-parameters","code":"apply-jurisdiction"},"value":"true"},{"code":{"system":"http://hl7.org/fhir/tools/CodeSystem/ig-parameters","code":"apply-license"},"value":"true"},{"code":{"system":"http://hl7.org/fhir/tools/CodeSystem/ig-parameters","code":"apply-publisher"},"value":"true"},{"code":{"system":"http://hl7.org/fhir/tools/CodeSystem/ig-parameters","code":"apply-version"},"value":"true"},{"code":{"system":"http://hl7.org/fhir/tools/CodeSystem/ig-parameters","code":"active-tables"},"value":"true"},{"code":{"system":"http://hl7.org/fhir/tools/CodeSystem/ig-parameters","code":"fmm-definition"},"value":"http://hl7.org/fhir/versions.html#maturity"},{"code":{"system":"http://hl7.org/fhir/tools/CodeSystem/ig-parameters","code":"propagate-status"},"value":"true"},{"code":{"system":"http://hl7.org/fhir/tools/CodeSystem/ig-parameters","code":"excludelogbinaryformat"},"value":"true"},{"code":{"system":"http://hl7.org/fhir/tools/CodeSystem/ig-parameters","code":"tabbed-snapshots"},"value":"true"},{"code":{"system":"http://hl7.org/fhir/tools/CodeSystem/ig-parameters","code":"copyrightyear"},"value":"2023+"},{"code":{"system":"http://hl7.org/fhir/tools/CodeSystem/ig-parameters","code":"releaselabel"},"value":"ci-build"},{"code":{"system":"http://hl7.org/fhir/tools/CodeSystem/ig-parameters","code":"display-warnings"},"value":"true"},{"code":{"system":"http://hl7.org/fhir/tools/CodeSystem/ig-parameters","code":"autoload-resources"},"value":"true"},{"code":{"system":"http://hl7.org/fhir/tools/CodeSystem/ig-parameters","code":"path-liquid"},"value":"template/liquid"},{"code":{"system":"http://hl7.org/fhir/tools/CodeSystem/ig-parameters","code":"path-liquid"},"value":"input/liquid"},{"code":{"system":"http://hl7.org/fhir/tools/CodeSystem/ig-parameters","code":"path-qa"},"value":"temp/qa"},{"code":{"system":"http://hl7.org/fhir/tools/CodeSystem/ig-parameters","code":"path-temp"},"value":"temp/pages"},{"code":{"system":"http://hl7.org/fhir/tools/CodeSystem/ig-parameters","code":"path-output"},"value":"output"},{"code":{"system":"http://hl7.org/fhir/tools/CodeSystem/ig-parameters","code":"path-suppressed-warnings"},"value":"input/ignoreWarnings.txt"},{"code":{"system":"http://hl7.org/fhir/tools/CodeSystem/ig-parameters","code":"path-history"},"value":"https://hospitallaflorida.cl/fhir/hlfhosp/history.html"},{"code":{"system":"http://hl7.org/fhir/tools/CodeSystem/ig-parameters","code":"template-html"},"value":"template-page.html"},{"code":{"system":"http://hl7.org/fhir/tools/CodeSystem/ig-parameters","code":"template-md"},"value":"template-page-md.html"},{"code":{"system":"http://hl7.org/fhir/tools/CodeSystem/ig-parameters","code":"apply-contact"},"value":"true"},{"code":{"system":"http://hl7.org/fhir/tools/CodeSystem/ig-parameters","code":"apply-context"},"value":"true"},{"code":{"system":"http://hl7.org/fhir/tools/CodeSystem/ig-parameters","code":"apply-copyright"},"value":"true"},{"code":{"system":"http://hl7.org/fhir/tools/CodeSystem/ig-parameters","code":"apply-jurisdiction"},"value":"true"},{"code":{"system":"http://hl7.org/fhir/tools/CodeSystem/ig-parameters","code":"apply-license"},"value":"true"},{"code":{"system":"http://hl7.org/fhir/tools/CodeSystem/ig-parameters","code":"apply-publisher"},"value":"true"},{"code":{"system":"http://hl7.org/fhir/tools/CodeSystem/ig-parameters","code":"apply-version"},"value":"true"},{"code":{"system":"http://hl7.org/fhir/tools/CodeSystem/ig-parameters","code":"active-tables"},"value":"true"},{"code":{"system":"http://hl7.org/fhir/tools/CodeSystem/ig-parameters","code":"fmm-definition"},"value":"http://hl7.org/fhir/versions.html#maturity"},{"code":{"system":"http://hl7.org/fhir/tools/CodeSystem/ig-parameters","code":"propagate-status"},"value":"true"},{"code":{"system":"http://hl7.org/fhir/tools/CodeSystem/ig-parameters","code":"excludelogbinaryformat"},"value":"true"},{"code":{"system":"http://hl7.org/fhir/tools/CodeSystem/ig-parameters","code":"tabbed-snapshots"},"value":"true"}]}}