{"resourceType":"ValueSet","id":"VSPrecaucionesHospitalizacion","text":{"status":"generated","div":"<div xmlns=\"http://www.w3.org/1999/xhtml\"><ul><li>Include all codes defined in <a href=\"CodeSystem-CSPrecaucionesHospitalizacion.html\"><code>https://hospitallaflorida.cl/fhir/hlfhosp/CodeSystem/CSPrecaucionesHospitalizacion</code></a></li></ul></div>"},"url":"https://hospitallaflorida.cl/fhir/hlfhosp/ValueSet/VSPrecaucionesHospitalizacion","version":"0.3.0","name":"VSPrecaucionesHospitalizacion","title":"Precauciones Hospitalización","status":"active","experimental":true,"date":"2023-06-22T00:00:00-03:00","publisher":"Hospital Eloisa Diaz de la Florida","contact":[{"name":"Hospital Eloisa Diaz de la Florida","telecom":[{"system":"url","value":"https://www.hospitallaflorida.cl/"},{"system":"email","value":"leonardo.arancibia@hospitallaflorida.cl"}]}],"description":"ValueSet para el tipo de precauciones de hospitalización que se deben tomar para un paciente","jurisdiction":[{"coding":[{"system":"urn:iso:std:iso:3166","code":"CL","display":"Chile"}]}],"compose":{"include":[{"system":"https://hospitallaflorida.cl/fhir/hlfhosp/CodeSystem/CSPrecaucionesHospitalizacion"}]}}