{
  "resourceType" : "CodeSystem",
  "id" : "CSSexoBiologico",
  "text" : {
    "status" : "generated",
    "div" : "<div xmlns=\"http://www.w3.org/1999/xhtml\">Placeholder</div>"
  },
  "url" : "https://hospitallaflorida.cl/fhir/hlfhosp/CodeSystem/CSSexoBiologico",
  "version" : "0.7.0",
  "name" : "CSSexoBiologico",
  "title" : "Códigos para Sexo de Nacimiento de Paciente",
  "status" : "active",
  "experimental" : true,
  "date" : "2022-01-18T00:00:00-03:00",
  "publisher" : "Hospital Eloisa Diaz de la Florida",
  "contact" : [{
    "name" : "Hospital Eloisa Diaz de la Florida",
    "telecom" : [{
      "system" : "url",
      "value" : "https://www.hospitallaflorida.cl/"
    },
    {
      "system" : "email",
      "value" : "leonardo.arancibia@hospitallaflorida.cl"
    }]
  }],
  "description" : "Codigos definidos para el sexo de nacimiento de un paciente en Chile",
  "caseSensitive" : true,
  "content" : "complete",
  "count" : 4,
  "concept" : [{
    "code" : "1",
    "display" : "Hombre",
    "definition" : "Persona que al nacer se observa anatómicamente que tiene a nivel genital pene, escroto y/o testículos."
  },
  {
    "code" : "2",
    "display" : "Mujer",
    "definition" : "Persona que al nacerse se observa anatómicamente que tiene a nivel genital vulva u orificio vaginal."
  },
  {
    "code" : "3",
    "display" : "Intersexual",
    "definition" : "Persona que al nacer se observa variaciones anatómicas en los órganos genitales del cuerpo que no permite clasificar de forma dicotómica en hombre o mujer. No constituye un tercer sexo."
  },
  {
    "code" : "99",
    "display" : "Desconocido",
    "definition" : "No es posible determinarlo al momento de la atención de salud."
  }]
}