{
  "resourceType" : "CodeSystem",
  "id" : "CSPrecaucionesHospitalizacion",
  "text" : {
    "status" : "generated",
    "div" : "<div xmlns=\"http://www.w3.org/1999/xhtml\">Placeholder</div>"
  },
  "url" : "https://hospitallaflorida.cl/fhir/hlfhosp/CodeSystem/CSPrecaucionesHospitalizacion",
  "version" : "0.7.0",
  "name" : "CSPrecaucionesHospitalizacion",
  "title" : "Precauciones Hospitalización",
  "status" : "active",
  "experimental" : true,
  "date" : "2023-06-22T00:00:00-03:00",
  "publisher" : "Hospital Eloisa Diaz de la Florida",
  "contact" : [{
    "name" : "Hospital Eloisa Diaz de la Florida",
    "telecom" : [{
      "system" : "url",
      "value" : "https://www.hospitallaflorida.cl/"
    },
    {
      "system" : "email",
      "value" : "leonardo.arancibia@hospitallaflorida.cl"
    }]
  }],
  "description" : "Opciones del tipo de precauciones de hospitalización que se deben tomar para un paciente",
  "caseSensitive" : true,
  "content" : "complete",
  "count" : 5,
  "concept" : [{
    "code" : "estandar",
    "display" : "Estándar"
  },
  {
    "code" : "aerea",
    "display" : "Aérea"
  },
  {
    "code" : "gotitas",
    "display" : "Gotitas"
  },
  {
    "code" : "contacto",
    "display" : "Contacto"
  },
  {
    "code" : "protector",
    "display" : "Protector"
  }]
}