{
  "resourceType" : "CodeSystem",
  "id" : "CSPrevision",
  "text" : {
    "status" : "generated",
    "div" : "<div xmlns=\"http://www.w3.org/1999/xhtml\"><p>This code system <code>https://hospitallaflorida.cl/fhir/hlfhosp/CodeSystem/CSPrevision</code> defines the following codes:</p><table class=\"codes\"><tr><td style=\"white-space:nowrap\"><b>Code</b></td><td><b>Display</b></td></tr><tr><td style=\"white-space:nowrap\">1<a name=\"CSPrevision-1\"> </a></td><td>FONASA</td></tr><tr><td style=\"white-space:nowrap\">2<a name=\"CSPrevision-2\"> </a></td><td>ISAPRE</td></tr><tr><td style=\"white-space:nowrap\">3<a name=\"CSPrevision-3\"> </a></td><td>CAPREDENA</td></tr><tr><td style=\"white-space:nowrap\">4<a name=\"CSPrevision-4\"> </a></td><td>DIPRECA</td></tr><tr><td style=\"white-space:nowrap\">5<a name=\"CSPrevision-5\"> </a></td><td>SISA</td></tr><tr><td style=\"white-space:nowrap\">96<a name=\"CSPrevision-96\"> </a></td><td>NINGUNA</td></tr><tr><td style=\"white-space:nowrap\">99<a name=\"CSPrevision-99\"> </a></td><td>DESCONOCIDO</td></tr></table></div>"
  },
  "url" : "https://hospitallaflorida.cl/fhir/hlfhosp/CodeSystem/CSPrevision",
  "version" : "0.4.0",
  "name" : "CSPrevision",
  "title" : "Prevision del Paciente",
  "status" : "active",
  "experimental" : true,
  "date" : "2023-06-22T00:00:00-03:00",
  "publisher" : "Hospital Eloisa Diaz de la Florida",
  "contact" : [{
    "name" : "Hospital Eloisa Diaz de la Florida",
    "telecom" : [{
      "system" : "url",
      "value" : "https://www.hospitallaflorida.cl/"
    },
    {
      "system" : "email",
      "value" : "leonardo.arancibia@hospitallaflorida.cl"
    }]
  }],
  "description" : "Tipos de previsión declaradas en Chile",
  "jurisdiction" : [{
    "coding" : [{
      "system" : "urn:iso:std:iso:3166",
      "code" : "CL",
      "display" : "Chile"
    }]
  }],
  "caseSensitive" : true,
  "content" : "complete",
  "count" : 7,
  "concept" : [{
    "code" : "1",
    "display" : "FONASA"
  },
  {
    "code" : "2",
    "display" : "ISAPRE"
  },
  {
    "code" : "3",
    "display" : "CAPREDENA"
  },
  {
    "code" : "4",
    "display" : "DIPRECA"
  },
  {
    "code" : "5",
    "display" : "SISA"
  },
  {
    "code" : "96",
    "display" : "NINGUNA"
  },
  {
    "code" : "99",
    "display" : "DESCONOCIDO"
  }]
}