{
  "resourceType" : "CodeSystem",
  "id" : "CSUNivelAprob",
  "text" : {
    "status" : "generated",
    "div" : "<div xmlns=\"http://www.w3.org/1999/xhtml\">Placeholder</div>"
  },
  "url" : "https://hospitallaflorida.cl/fhir/hlfhosp/CodeSystem/CSUNivelAprob",
  "version" : "0.7.0",
  "name" : "CSUNivelAprob",
  "title" : "Ultimo nivel aprobado",
  "status" : "active",
  "experimental" : true,
  "date" : "2022-01-18T00:00:00-03:00",
  "publisher" : "Hospital Eloisa Diaz de la Florida",
  "contact" : [{
    "name" : "Hospital Eloisa Diaz de la Florida",
    "telecom" : [{
      "system" : "url",
      "value" : "https://www.hospitallaflorida.cl/"
    },
    {
      "system" : "email",
      "value" : "leonardo.arancibia@hospitallaflorida.cl"
    }]
  }],
  "description" : "Código del último nivel aprobado",
  "caseSensitive" : true,
  "content" : "complete",
  "count" : 8,
  "concept" : [{
    "code" : "1",
    "display" : "Preescolar"
  },
  {
    "code" : "2",
    "display" : "Especial o Diferencial"
  },
  {
    "code" : "3",
    "display" : "Básica o Primaria"
  },
  {
    "code" : "4",
    "display" : "Media o Secundaria"
  },
  {
    "code" : "5",
    "display" : "Educación Superior"
  },
  {
    "code" : "6",
    "display" : "Sin Instrucción"
  },
  {
    "code" : "97",
    "display" : "No Recuerda"
  },
  {
    "code" : "98",
    "display" : "No Responde"
  }]
}