{
  "resourceType" : "CodeSystem",
  "id" : "CSPuebloIndigena",
  "text" : {
    "status" : "generated",
    "div" : "<div xmlns=\"http://www.w3.org/1999/xhtml\"><p>This code system <code>http://hospitallaflorida.cl/fhir/hlfhosp/CodeSystem/CSPuebloIndigena</code> defines the following codes:</p><table class=\"codes\"><tr><td style=\"white-space:nowrap\"><b>Code</b></td><td><b>Display</b></td></tr><tr><td style=\"white-space:nowrap\">1<a name=\"CSPuebloIndigena-1\"> </a></td><td>Mapuche</td></tr><tr><td style=\"white-space:nowrap\">2<a name=\"CSPuebloIndigena-2\"> </a></td><td>Aymara</td></tr><tr><td style=\"white-space:nowrap\">3<a name=\"CSPuebloIndigena-3\"> </a></td><td>Rapa Nui o Pascuense</td></tr><tr><td style=\"white-space:nowrap\">4<a name=\"CSPuebloIndigena-4\"> </a></td><td>Lickanantay</td></tr><tr><td style=\"white-space:nowrap\">5<a name=\"CSPuebloIndigena-5\"> </a></td><td>Quechua</td></tr><tr><td style=\"white-space:nowrap\">6<a name=\"CSPuebloIndigena-6\"> </a></td><td>Colla</td></tr><tr><td style=\"white-space:nowrap\">7<a name=\"CSPuebloIndigena-7\"> </a></td><td>Diaguita</td></tr><tr><td style=\"white-space:nowrap\">8<a name=\"CSPuebloIndigena-8\"> </a></td><td>Kawésqar</td></tr><tr><td style=\"white-space:nowrap\">9<a name=\"CSPuebloIndigena-9\"> </a></td><td>Yagán</td></tr><tr><td style=\"white-space:nowrap\">11<a name=\"CSPuebloIndigena-11\"> </a></td><td>Chango</td></tr><tr><td style=\"white-space:nowrap\">10<a name=\"CSPuebloIndigena-10\"> </a></td><td>Desconocido</td></tr></table></div>"
  },
  "url" : "http://hospitallaflorida.cl/fhir/hlfhosp/CodeSystem/CSPuebloIndigena",
  "version" : "0.1.0",
  "name" : "CSPuebloIndigena",
  "title" : "Pueblo Indígena u Originarioi",
  "status" : "active",
  "experimental" : true,
  "date" : "2022-01-18T00:00:00-03:00",
  "publisher" : "Hospital Eloisa Diaz de la Florida",
  "contact" : [{
    "name" : "Hospital Eloisa Diaz de la Florida",
    "telecom" : [{
      "system" : "url",
      "value" : "www.hospitallaflorida.cl"
    },
    {
      "system" : "email",
      "value" : "leonardo.arancibia@hospitallaflorida.cl"
    }]
  }],
  "description" : "Los Pueblos Indígenas u Originarios en Chile, son los descendientes de las agrupaciones humanas que existen en el territorio nacional desde tiempos precolombinos",
  "jurisdiction" : [{
    "coding" : [{
      "system" : "urn:iso:std:iso:3166",
      "code" : "CL",
      "display" : "Chile"
    }]
  }],
  "caseSensitive" : true,
  "content" : "complete",
  "count" : 11,
  "concept" : [{
    "code" : "1",
    "display" : "Mapuche"
  },
  {
    "code" : "2",
    "display" : "Aymara"
  },
  {
    "code" : "3",
    "display" : "Rapa Nui o Pascuense"
  },
  {
    "code" : "4",
    "display" : "Lickanantay"
  },
  {
    "code" : "5",
    "display" : "Quechua"
  },
  {
    "code" : "6",
    "display" : "Colla"
  },
  {
    "code" : "7",
    "display" : "Diaguita"
  },
  {
    "code" : "8",
    "display" : "Kawésqar"
  },
  {
    "code" : "9",
    "display" : "Yagán"
  },
  {
    "code" : "11",
    "display" : "Chango"
  },
  {
    "code" : "10",
    "display" : "Desconocido"
  }]
}