{
  "resourceType" : "CodeSystem",
  "id" : "CMDR",
  "text" : {
    "status" : "generated",
    "div" : "<div xmlns=\"http://www.w3.org/1999/xhtml\">Placeholder</div>"
  },
  "url" : "https://hospitallaflorida.cl/fhir/hlfhosp/CodeSystem/CMDR",
  "version" : "0.7.0",
  "name" : "CMDR",
  "title" : "Complemento de dirección",
  "status" : "active",
  "experimental" : true,
  "date" : "2023-06-22T00:00:00-03:00",
  "publisher" : "Hospital Eloisa Diaz de la Florida",
  "contact" : [{
    "name" : "Hospital Eloisa Diaz de la Florida",
    "telecom" : [{
      "system" : "url",
      "value" : "https://www.hospitallaflorida.cl/"
    },
    {
      "system" : "email",
      "value" : "leonardo.arancibia@hospitallaflorida.cl"
    }]
  }],
  "description" : "Complemento de dirección",
  "caseSensitive" : true,
  "content" : "complete",
  "count" : 5,
  "property" : [{
    "code" : "vigencia",
    "description" : "si el codigo es vigente",
    "type" : "boolean"
  },
  {
    "code" : "orden",
    "description" : "el orden de presentación de los códigos",
    "type" : "integer"
  },
  {
    "code" : "codigoMinsal",
    "description" : "el equivalente en el código del MINSAL norma 820",
    "type" : "string"
  }],
  "concept" : [{
    "code" : "1",
    "display" : "BLOCK",
    "property" : [{
      "code" : "vigencia",
      "valueBoolean" : true
    },
    {
      "code" : "orden",
      "valueInteger" : 1
    },
    {
      "code" : "codigoMinsal",
      "valueString" : "1"
    }]
  },
  {
    "code" : "2",
    "display" : "DEPARTAMENTO",
    "property" : [{
      "code" : "vigencia",
      "valueBoolean" : true
    },
    {
      "code" : "orden",
      "valueInteger" : 1
    },
    {
      "code" : "codigoMinsal",
      "valueString" : "2"
    }]
  },
  {
    "code" : "3",
    "display" : "VILLA",
    "property" : [{
      "code" : "vigencia",
      "valueBoolean" : true
    },
    {
      "code" : "orden",
      "valueInteger" : 1
    },
    {
      "code" : "codigoMinsal",
      "valueString" : "3"
    }]
  },
  {
    "code" : "4",
    "display" : "POBLACION",
    "property" : [{
      "code" : "vigencia",
      "valueBoolean" : true
    },
    {
      "code" : "orden",
      "valueInteger" : 1
    },
    {
      "code" : "codigoMinsal",
      "valueString" : "4"
    }]
  },
  {
    "code" : "5",
    "display" : "OTRO",
    "property" : [{
      "code" : "vigencia",
      "valueBoolean" : true
    },
    {
      "code" : "orden",
      "valueInteger" : 1
    },
    {
      "code" : "codigoMinsal",
      "valueString" : "5"
    }]
  }]
}