{
  "resourceType" : "CodeSystem",
  "id" : "CSUNivelAprob",
  "text" : {
    "status" : "generated",
    "div" : "<div xmlns=\"http://www.w3.org/1999/xhtml\"><p>This code system <code>https://hospitallaflorida.cl/fhir/hlfhosp/CodeSystem/CSUNivelAprob</code> defines the following codes:</p><table class=\"codes\"><tr><td style=\"white-space:nowrap\"><b>Code</b></td><td><b>Display</b></td></tr><tr><td style=\"white-space:nowrap\">1<a name=\"CSUNivelAprob-1\"> </a></td><td>Preescolar</td></tr><tr><td style=\"white-space:nowrap\">2<a name=\"CSUNivelAprob-2\"> </a></td><td>Especial o Diferencial </td></tr><tr><td style=\"white-space:nowrap\">3<a name=\"CSUNivelAprob-3\"> </a></td><td>Básica o Primaria</td></tr><tr><td style=\"white-space:nowrap\">4<a name=\"CSUNivelAprob-4\"> </a></td><td>Media o Secundaria</td></tr><tr><td style=\"white-space:nowrap\">5<a name=\"CSUNivelAprob-5\"> </a></td><td>Educación Superior</td></tr><tr><td style=\"white-space:nowrap\">6<a name=\"CSUNivelAprob-6\"> </a></td><td>Sin Instrucción</td></tr><tr><td style=\"white-space:nowrap\">97<a name=\"CSUNivelAprob-97\"> </a></td><td>No Recuerda</td></tr><tr><td style=\"white-space:nowrap\">98<a name=\"CSUNivelAprob-98\"> </a></td><td>No Responde</td></tr></table></div>"
  },
  "url" : "https://hospitallaflorida.cl/fhir/hlfhosp/CodeSystem/CSUNivelAprob",
  "version" : "0.1.0",
  "name" : "CSUNivelAprob",
  "title" : "Ultimo nivel aprobado",
  "status" : "active",
  "experimental" : true,
  "date" : "2022-01-18T00:00:00-03:00",
  "publisher" : "Hospital Eloisa Diaz de la Florida",
  "contact" : [{
    "name" : "Hospital Eloisa Diaz de la Florida",
    "telecom" : [{
      "system" : "url",
      "value" : "www.hospitallaflorida.cl"
    },
    {
      "system" : "email",
      "value" : "leonardo.arancibia@hospitallaflorida.cl"
    }]
  }],
  "description" : "Código del último nivel aprobado",
  "jurisdiction" : [{
    "coding" : [{
      "system" : "urn:iso:std:iso:3166",
      "code" : "CL",
      "display" : "Chile"
    }]
  }],
  "caseSensitive" : true,
  "content" : "complete",
  "count" : 8,
  "concept" : [{
    "code" : "1",
    "display" : "Preescolar"
  },
  {
    "code" : "2",
    "display" : "Especial o Diferencial "
  },
  {
    "code" : "3",
    "display" : "Básica o Primaria"
  },
  {
    "code" : "4",
    "display" : "Media o Secundaria"
  },
  {
    "code" : "5",
    "display" : "Educación Superior"
  },
  {
    "code" : "6",
    "display" : "Sin Instrucción"
  },
  {
    "code" : "97",
    "display" : "No Recuerda"
  },
  {
    "code" : "98",
    "display" : "No Responde"
  }]
}