{
  "resourceType" : "CodeSystem",
  "id" : "CSEstadoCivil",
  "text" : {
    "status" : "generated",
    "div" : "<div xmlns=\"http://www.w3.org/1999/xhtml\">Placeholder</div>"
  },
  "url" : "https://hospitallaflorida.cl/fhir/hlfhosp/CodeSystem/CSEstadoCivil",
  "version" : "0.7.0",
  "name" : "CSEstadoCivil",
  "title" : "Estado Civil",
  "status" : "active",
  "experimental" : true,
  "date" : "2022-01-18T00:00:00-03:00",
  "publisher" : "Hospital Eloisa Diaz de la Florida",
  "contact" : [{
    "name" : "Hospital Eloisa Diaz de la Florida",
    "telecom" : [{
      "system" : "url",
      "value" : "https://www.hospitallaflorida.cl/"
    },
    {
      "system" : "email",
      "value" : "leonardo.arancibia@hospitallaflorida.cl"
    }]
  }],
  "description" : "El estado civil es la situación de un individuo en la sociedad, que deriva principalmente de sus relaciones de familia, y que lo habilita para ejercer derechos y contraer obligaciones civiles.",
  "caseSensitive" : true,
  "content" : "complete",
  "count" : 7,
  "concept" : [{
    "code" : "1",
    "display" : "Soltero (a)"
  },
  {
    "code" : "2",
    "display" : "Casado (a)"
  },
  {
    "code" : "3",
    "display" : "Viudo (a)"
  },
  {
    "code" : "4",
    "display" : "Divorciado (a)"
  },
  {
    "code" : "5",
    "display" : "Separado (a) Judicionalmente"
  },
  {
    "code" : "6",
    "display" : "Conviviente Civil"
  },
  {
    "code" : "99",
    "display" : "Desconocido"
  }]
}