{
  "resourceType" : "Condition",
  "id" : "EjDiagnosticoCondHLfIMAGINARIO3",
  "meta" : {
    "profile" : ["https://hospitallaflorida.cl/fhir/hlfhosp/StructureDefinition/DiagnosticoCondHLf"]
  },
  "text" : {
    "status" : "generated",
    "div" : "<div xmlns=\"http://www.w3.org/1999/xhtml\"><p><b>Generated Narrative: Condition</b><a name=\"EjDiagnosticoCondHLfIMAGINARIO3\"> </a></p><div style=\"display: inline-block; background-color: #d9e0e7; padding: 6px; margin: 4px; border: 1px solid #8da1b4; border-radius: 5px; line-height: 60%\"><p style=\"margin-bottom: 0px\">Resource Condition &quot;EjDiagnosticoCondHLfIMAGINARIO3&quot; </p><p style=\"margin-bottom: 0px\">Profile: <a href=\"StructureDefinition-DiagnosticoCondHLf.html\">DiagnosticoCondHLf</a></p></div><p><b>clinicalStatus</b>: Active <span style=\"background: LightGoldenRodYellow; margin: 4px; border: 1px solid khaki\"> (<a href=\"http://terminology.hl7.org/5.3.0/CodeSystem-condition-clinical.html\">Condition Clinical Status Codes</a>#active)</span></p><p><b>code</b>: Sexually transmitted chlamydial infection of other sites <span style=\"background: LightGoldenRodYellow; margin: 4px; border: 1px solid khaki\"> (<a href=\"http://terminology.hl7.org/5.3.0/CodeSystem-icd10.html\">ICD-10</a>#A56.8)</span></p><p><b>subject</b>: <a href=\"Patient-009.html\">Patient/009</a> &quot; GONZALES&quot;</p><p><b>encounter</b>: <a href=\"Encounter-EjRegistroAtencionIMAGINARIO.html\">Encounter/EjRegistroAtencionIMAGINARIO</a></p></div>"
  },
  "clinicalStatus" : {
    "coding" : [{
      "system" : "http://terminology.hl7.org/CodeSystem/condition-clinical",
      "code" : "active"
    }]
  },
  "code" : {
    "coding" : [{
      "system" : "http://hl7.org/fhir/sid/icd-10",
      "code" : "A56.8"
    }],
    "text" : "Sexually transmitted chlamydial infection of other sites"
  },
  "subject" : {
    "reference" : "Patient/009"
  },
  "encounter" : {
    "reference" : "Encounter/EjRegistroAtencionIMAGINARIO"
  }
}