{
  "resourceType" : "Observation",
  "id" : "EjOcupacion3",
  "meta" : {
    "profile" : ["https://hospitallaflorida.cl/fhir/hlfhosp/StructureDefinition/Ocupaciones"]
  },
  "text" : {
    "status" : "generated",
    "div" : "<div xmlns=\"http://www.w3.org/1999/xhtml\"><p><b>Generated Narrative: Observation</b><a name=\"EjOcupacion3\"> </a></p><div style=\"display: inline-block; background-color: #d9e0e7; padding: 6px; margin: 4px; border: 1px solid #8da1b4; border-radius: 5px; line-height: 60%\"><p style=\"margin-bottom: 0px\">Resource Observation &quot;EjOcupacion3&quot; </p><p style=\"margin-bottom: 0px\">Profile: <a href=\"StructureDefinition-Ocupaciones.html\">Aspectos Laborales</a></p></div><p><b>status</b>: registered</p><p><b>code</b>: History of Occupation <span style=\"background: LightGoldenRodYellow; margin: 4px; border: 1px solid khaki\"> (<a href=\"https://loinc.org/\">LOINC</a>#11341-5)</span></p><p><b>subject</b>: <a href=\"Patient-009.html\">Patient/009</a> &quot; GONZALES&quot;</p><p><b>effective</b>: 2023-09-11</p><p><b>performer</b>: <span>: na</span></p><p><b>value</b>: Directores, gerentes y administradores de servicios de cuidados infantiles <span style=\"background: LightGoldenRodYellow; margin: 4px; border: 1px solid khaki\"> (<a href=\"CodeSystem-CSOcupacionesDet.html\">Ocupaciones Detalladas</a>#1341)</span></p></div>"
  },
  "status" : "registered",
  "code" : {
    "coding" : [{
      "system" : "http://loinc.org",
      "code" : "11341-5",
      "display" : "History of Occupation"
    }]
  },
  "subject" : {
    "reference" : "Patient/009"
  },
  "effectiveDateTime" : "2023-09-11",
  "performer" : [{
    "display" : "na"
  }],
  "valueCodeableConcept" : {
    "coding" : [{
      "system" : "https://hospitallaflorida.cl/fhir/hlfhosp/CodeSystem/CSOcupacionesDet",
      "code" : "1341",
      "display" : "Directores, gerentes y administradores de servicios de cuidados infantiles"
    }],
    "text" : "Directores, gerentes y administradores de servicios de cuidados infantiles"
  }
}