{
  "resourceType" : "Observation",
  "id" : "EjOcupacion",
  "meta" : {
    "profile" : ["https://hospitallaflorida.cl/fhir/hlfhosp/StructureDefinition/Ocupaciones"]
  },
  "text" : {
    "status" : "generated",
    "div" : "<div xmlns=\"http://www.w3.org/1999/xhtml\"><p><b>Generated Narrative: Observation</b><a name=\"EjOcupacion\"> </a></p><div style=\"display: inline-block; background-color: #d9e0e7; padding: 6px; margin: 4px; border: 1px solid #8da1b4; border-radius: 5px; line-height: 60%\"><p style=\"margin-bottom: 0px\">Resource Observation &quot;EjOcupacion&quot; </p><p style=\"margin-bottom: 0px\">Profile: <a href=\"StructureDefinition-Ocupaciones.html\">Aspectos Laborales</a></p></div><p><b>status</b>: registered</p><p><b>code</b>: Antecedentes Laborales <span style=\"background: LightGoldenRodYellow; margin: 4px; border: 1px solid khaki\"> (<a href=\"https://loinc.org/\">LOINC</a>#11341-5)</span></p><p><b>subject</b>: <a href=\"Patient-007.html\">Patient/007</a> &quot; ORGANA&quot;</p><p><b>value</b>: Ingeniería Civil Biomédica en Universidad del Estado <span style=\"background: LightGoldenRodYellow; margin: 4px; border: 1px solid khaki\"> (<a href=\"CodeSystem-CSOcupacionesDet.html\">Ocupaciones Detalladas</a>#2147 &quot;Ingenieros biomédicos&quot;)</span></p></div>"
  },
  "status" : "registered",
  "code" : {
    "coding" : [{
      "system" : "http://loinc.org",
      "code" : "11341-5",
      "display" : "Antecedentes Laborales"
    }]
  },
  "subject" : {
    "reference" : "Patient/007"
  },
  "valueCodeableConcept" : {
    "coding" : [{
      "system" : "https://hospitallaflorida.cl/fhir/hlfhosp/CodeSystem/CSOcupacionesDet",
      "code" : "2147",
      "display" : "Ingenieros biomédicos"
    }],
    "text" : "Ingeniería Civil Biomédica en Universidad del Estado"
  }
}