{
  "resourceType" : "Observation",
  "id" : "EjPesoRecienNacido2",
  "meta" : {
    "profile" : ["https://hospitallaflorida.cl/fhir/hlfhosp/StructureDefinition/ObsPesoPediatrico"]
  },
  "text" : {
    "status" : "generated",
    "div" : "<div xmlns=\"http://www.w3.org/1999/xhtml\"><p><b>Generated Narrative: Observation</b><a name=\"EjPesoRecienNacido2\"> </a></p><div style=\"display: inline-block; background-color: #d9e0e7; padding: 6px; margin: 4px; border: 1px solid #8da1b4; border-radius: 5px; line-height: 60%\"><p style=\"margin-bottom: 0px\">Resource Observation &quot;EjPesoRecienNacido2&quot; </p><p style=\"margin-bottom: 0px\">Profile: <a href=\"StructureDefinition-ObsPesoPediatrico.html\">Peso medido al momento de nacer</a></p></div><p><b>status</b>: registered</p><p><b>code</b>: Birth weight Measured <span style=\"background: LightGoldenRodYellow; margin: 4px; border: 1px solid khaki\"> (<a href=\"https://loinc.org/\">LOINC</a>#8339-4)</span></p><p><b>subject</b>: <a href=\"Patient-008.html\">Patient/008</a> &quot; PEREZ&quot;</p><p><b>effective</b>: 2023-09-11</p><p><b>performer</b>: <span>: na</span></p><p><b>value</b>: 4.555 Kilogram<span style=\"background: LightGoldenRodYellow\"> (Details: UCUM code kg = 'kg')</span></p></div>"
  },
  "status" : "registered",
  "code" : {
    "coding" : [{
      "system" : "http://loinc.org",
      "code" : "8339-4",
      "display" : "Birth weight Measured"
    }]
  },
  "subject" : {
    "reference" : "Patient/008"
  },
  "effectiveDateTime" : "2023-09-11",
  "performer" : [{
    "display" : "na"
  }],
  "valueQuantity" : {
    "value" : 4.555,
    "unit" : "Kilogram",
    "system" : "http://unitsofmeasure.org",
    "code" : "kg"
  }
}