{
  "resourceType" : "Patient",
  "id" : "007",
  "meta" : {
    "versionId" : "1",
    "lastUpdated" : "2023-06-08T00:00:00.166Z",
    "profile" : ["https://hospitallaflorida.cl/fhir/hlfhosp/StructureDefinition/PacienteHLF"]
  },
  "text" : {
    "status" : "generated",
    "div" : "<div xmlns=\"http://www.w3.org/1999/xhtml\"><p style=\"border: 1px #661aff solid; background-color: #e6e6ff; padding: 10px;\"><b>Leia </b> male, DoB: 1980-08-04 ( Chile: 78223444-1\u00a0(use:\u00a0OFFICIAL))</p><hr/><table class=\"grid\"><tr><td style=\"background-color: #f3f5da\" title=\"Record is active\">Active:</td><td>true</td><td style=\"background-color: #f3f5da\" title=\"Known Marital status of Patient\">Marital Status:</td><td colspan=\"3\"><span title=\"Codes: {http://terminology.hl7.org/CodeSystem/v3-MaritalStatus D}\">Divorced</span></td></tr><tr><td style=\"background-color: #f3f5da\" title=\"Alternate names (see the one above)\">Alt. Name:</td><td colspan=\"3\">Luke Solo Organa (OFFICIAL)</td></tr><tr><td style=\"background-color: #f3f5da\" title=\"Ways to contact the Patient\">Contact Details:</td><td colspan=\"3\"><ul><li><a href=\"mailto:LukeSky@organa.cl\">LukeSky@organa.cl</a></li><li>Calle 4 Norte, 52, pieza 802 null null null (HOME)</li></ul></td></tr><tr><td style=\"background-color: #f3f5da\" title=\"Nominated Contact: Next-of-Kin\">Next-of-Kin:</td><td colspan=\"3\"><ul><li>Anakin Bruce Vader (OFFICIAL)</li></ul></td></tr><tr><td style=\"background-color: #f3f5da\" title=\"Se reconoce como pueblos indígenas u originarios en Chile a: mapuche, aymara, Rapanui, lickanantay, quechuas, colla, diaguitas, kawésqar, yagán y chango.\">Extensión de Pueblos Indígenas u Origenarios:</td><td colspan=\"3\"><ul><li>Pueblos: <span title=\"Codes: {https://hospitallaflorida.cl/fhir/hlfhosp/CodeSystem/CSPuebloIndigena 2}\">Aymara</span></li></ul></td></tr></table></div>"
  },
  "extension" : [{
    "extension" : [{
      "url" : "Pueblos",
      "valueCodeableConcept" : {
        "coding" : [{
          "system" : "https://hospitallaflorida.cl/fhir/hlfhosp/CodeSystem/CSPuebloIndigena",
          "code" : "2",
          "display" : "Aymara"
        }]
      }
    }],
    "url" : "https://hospitallaflorida.cl/fhir/hlfhosp/StructureDefinition/PueblosIndigenas",
    "valueCode" : "5"
  }],
  "identifier" : [{
    "use" : "official",
    "type" : {
      "extension" : [{
        "url" : "https://hl7chile.cl/fhir/ig/clcore/StructureDefinition/CodigoPaises",
        "valueCodeableConcept" : {
          "coding" : [{
            "system" : "urn:iso:std:iso:3166",
            "code" : "152",
            "display" : "Chile"
          }]
        }
      }],
      "coding" : [{
        "system" : "http://terminology.hl7.org/CodeSystem/v2-0203",
        "code" : "NNCHL",
        "display" : "Chile"
      }]
    },
    "system" : "http://regcivil.cl/Validacion/Passport",
    "value" : "78223444-1"
  }],
  "active" : true,
  "name" : [{
    "use" : "official",
    "family" : "Organa",
    "_family" : {
      "extension" : [{
        "url" : "http://hl7.org/fhir/StructureDefinition/humanname-mothers-family",
        "valueString" : "Skywalker"
      }]
    },
    "given" : ["Luke",
    "Solo"]
  },
  {
    "use" : "usual",
    "given" : ["Leia"]
  }],
  "telecom" : [{
    "system" : "email",
    "value" : "LukeSky@organa.cl",
    "use" : "home"
  }],
  "gender" : "male",
  "birthDate" : "1980-08-04",
  "address" : [{
    "use" : "home",
    "line" : ["Calle 4 Norte, 52, pieza 802"],
    "_city" : {
      "extension" : [{
        "url" : "https://hl7chile.cl/fhir/ig/clcore/StructureDefinition/ComunasCl",
        "valueCodeableConcept" : {
          "coding" : [{
            "system" : "https://hl7chile.cl/fhir/ig/clcore/CodeSystem/CSCodComunasCL",
            "code" : "15101",
            "display" : "Arica"
          }]
        }
      }]
    },
    "_district" : {
      "extension" : [{
        "url" : "https://hl7chile.cl/fhir/ig/clcore/StructureDefinition/ProvinciasCl",
        "valueCodeableConcept" : {
          "coding" : [{
            "system" : "https://hl7chile.cl/fhir/ig/clcore/CodeSystem/CSCodProvinciasCL",
            "code" : "151",
            "display" : "Arica"
          }]
        }
      }]
    },
    "_state" : {
      "extension" : [{
        "url" : "https://hl7chile.cl/fhir/ig/clcore/StructureDefinition/RegionesCl",
        "valueCodeableConcept" : {
          "coding" : [{
            "system" : "https://hl7chile.cl/fhir/ig/clcore/CodeSystem/CSCodRegionCL",
            "code" : "15",
            "display" : "Arica y Parinacota"
          }]
        }
      }]
    },
    "_country" : {
      "extension" : [{
        "url" : "https://hl7chile.cl/fhir/ig/clcore/StructureDefinition/CodigoPaises",
        "valueCodeableConcept" : {
          "coding" : [{
            "system" : "urn:iso:std:iso:3166",
            "code" : "CL",
            "display" : "Chile"
          }]
        }
      }]
    }
  }],
  "maritalStatus" : {
    "coding" : [{
      "system" : "http://terminology.hl7.org/CodeSystem/v3-MaritalStatus",
      "code" : "D",
      "display" : "Divorced"
    }]
  },
  "contact" : [{
    "extension" : [{
      "extension" : [{
        "url" : "tutId",
        "valueIdentifier" : {
          "type" : {
            "coding" : [{
              "system" : "https://hl7chile.cl/fhir/ig/clcore/CodeSystem/CSCodigoDNI",
              "code" : "NNCHL",
              "display" : "Chile"
            }]
          },
          "system" : "http://regcivil.cl/Validacion/RUN",
          "value" : "8987321-7"
        }
      },
      {
        "url" : "docProc",
        "valueCodeableConcept" : {
          "coding" : [{
            "system" : "urn:iso:std:iso:3166",
            "code" : "152",
            "display" : "Chile"
          }]
        }
      }],
      "url" : "https://hl7chile.cl/fhir/ig/clcore/StructureDefinition/IdContacto"
    }],
    "relationship" : [{
      "coding" : [{
        "system" : "http://terminology.hl7.org/CodeSystem/v2-0131",
        "code" : "N",
        "display" : "Next-of-Kin"
      }]
    }],
    "name" : {
      "use" : "official",
      "family" : "Vader",
      "_family" : {
        "extension" : [{
          "url" : "http://hl7.org/fhir/StructureDefinition/humanname-mothers-family",
          "valueString" : "SkyRider"
        }]
      },
      "given" : ["Anakin",
      "Bruce"]
    }
  }]
}