{
  "resourceType" : "ValueSet",
  "id" : "VSSexoBiologico",
  "text" : {
    "status" : "generated",
    "div" : "<div xmlns=\"http://www.w3.org/1999/xhtml\"><ul><li>Include all codes defined in <a href=\"CodeSystem-CSSexoBiologico.html\"><code>https://hospitallaflorida.cl/fhir/hlfhosp/CodeSystem/CSSexoBiologico</code></a></li></ul></div>"
  },
  "url" : "https://hospitallaflorida.cl/fhir/hlfhosp/ValueSet/VSSexoBiologico",
  "version" : "0.4.0",
  "name" : "VSSexoBiologico",
  "title" : "Códigos para sexo biológico en Chile",
  "status" : "active",
  "experimental" : true,
  "date" : "2022-01-18T00:00:00-03:00",
  "publisher" : "Hospital Eloisa Diaz de la Florida",
  "contact" : [{
    "name" : "Hospital Eloisa Diaz de la Florida",
    "telecom" : [{
      "system" : "url",
      "value" : "https://www.hospitallaflorida.cl/"
    },
    {
      "system" : "email",
      "value" : "leonardo.arancibia@hospitallaflorida.cl"
    }]
  }],
  "description" : "Códigos para sexo biológico en Chile según tabla 820.",
  "jurisdiction" : [{
    "coding" : [{
      "system" : "urn:iso:std:iso:3166",
      "code" : "CL",
      "display" : "Chile"
    }]
  }],
  "compose" : {
    "include" : [{
      "system" : "https://hospitallaflorida.cl/fhir/hlfhosp/CodeSystem/CSSexoBiologico"
    }]
  }
}