{
  "resourceType" : "ValueSet",
  "id" : "VSPrevision",
  "text" : {
    "status" : "generated",
    "div" : "<div xmlns=\"http://www.w3.org/1999/xhtml\">Placeholder</div>"
  },
  "url" : "https://hospitallaflorida.cl/fhir/hlfhosp/ValueSet/VSPrevision",
  "version" : "0.7.0",
  "name" : "VSPrevision",
  "title" : "Prevision del Paciente",
  "status" : "active",
  "experimental" : true,
  "date" : "2023-06-22T00:00:00-03:00",
  "publisher" : "Hospital Eloisa Diaz de la Florida",
  "contact" : [{
    "name" : "Hospital Eloisa Diaz de la Florida",
    "telecom" : [{
      "system" : "url",
      "value" : "https://www.hospitallaflorida.cl/"
    },
    {
      "system" : "email",
      "value" : "leonardo.arancibia@hospitallaflorida.cl"
    }]
  }],
  "description" : "Tipos de previsión declaradas en Chile",
  "compose" : {
    "include" : [{
      "system" : "https://hospitallaflorida.cl/fhir/hlfhosp/CodeSystem/CSPrevision"
    }]
  }
}